Restrição de Atendimento,Escola,Código INEP,UF,Município,Localização,Localidade Diferenciada,Categoria Administrativa,Endereço,Telefone,Dependência Administrativa,Categoria Escola Privada,Conveniada Poder Público,Regulamentação pelo Conselho de Educação,Porte da Escola,Etapas e Modalidade de Ensino Oferecidas,Outras Ofertas Educacionais,Latitude,Longitude
ESCOLA EM FUNCIONAMENTO E SEM RESTRIÇÃO DE ATENDIMENTO,UFMG - COLEGIO TECNICO,31000019,MG,Belo Horizonte,Urbana,A escola não está em área de localização diferenciada,Pública,"AVENIDA PRESIDENTE ANTONIO CARLOS, 6.627 PREDIO DO COLTEC. PAMPULHA. 31270-901 Belo Horizonte - MG.",(31) 34094962,Federal,Não Informado,Não,Sim,Entre 501 e 1000 matrículas de escolarização,"Ensino Médio, Educação Profissional",,-19.87174833,-43.963275
ESCOLA EM FUNCIONAMENTO E SEM RESTRIÇÃO DE ATENDIMENTO,EE AARAO REIS,31000027,MG,Belo Horizonte,Urbana,A escola não está em área de localização diferenciada,Pública,"RUA JAYME SALES, 330 MADRE GERTRUDES. 30518-320 Belo Horizonte - MG.",(31) 33861218,Estadual,Não Informado,Não,Sim,Entre 201 e 500 matrículas de escolarização,"Ensino Fundamental, Educação de Jovens Adultos","Atendimento Educacional Especializado, Atividade Complementar",-19.94993833,-44.00523833
ESCOLA EM FUNCIONAMENTO E SEM RESTRIÇÃO DE ATENDIMENTO,EE BUENO BRANDAO,31000035,MG,Belo Horizonte,Urbana,A escola não está em área de localização diferenciada,Pública,"RUA PARAIBA, 1145 FUNCIONARIOS. 30130-141 Belo Horizonte - MG.",(31) 32618475,Estadual,Não Informado,Não,Sim,Entre 501 e 1000 matrículas de escolarização,Ensino Fundamental,Atendimento Educacional Especializado,-19.9362411,-43.9330756
ESCOLA EM FUNCIONAMENTO E SEM RESTRIÇÃO DE ATENDIMENTO,EE GUIA LOPES,31000051,MG,Belo Horizonte,Urbana,A escola não está em área de localização diferenciada,Pública,"RUA BARAO DE CAMARGOS, 88 JARDIM INCONFIDENCIA. 30820-190 Belo Horizonte - MG.",(31) 34124400,Estadual,Não Informado,Não,Sim,Entre 51 e 200 matrículas de escolarização,"Ensino Fundamental, Ensino Médio, Educação Profissional",,-19.9086404,-43.9946101
ESCOLA EM FUNCIONAMENTO E SEM RESTRIÇÃO DE ATENDIMENTO,EE PERO VAZ DE CAMINHA,31000060,MG,Belo Horizonte,Urbana,A escola não está em área de localização diferenciada,Pública,"RUA PACAJA, 200 CACHOEIRINHA. 31150-310 Belo Horizonte - MG.",(31) 34211288,Estadual,Não Informado,Não,Sim,Entre 51 e 200 matrículas de escolarização,Ensino Fundamental,"Atendimento Educacional Especializado, Atividade Complementar",-19.8826324,-43.9454734
ESCOLA EM FUNCIONAMENTO E SEM RESTRIÇÃO DE ATENDIMENTO,EE MAJOR DELFINO DE PAULA RICARDO,31000078,MG,Belo Horizonte,Urbana,A escola não está em área de localização diferenciada,Pública,"AVENIDA JOSE CLETO, 733 SANTA CRUZ. 31155-290 Belo Horizonte - MG.",(31) 34263500,Estadual,Não Informado,Não,Sim,Entre 201 e 500 matrículas de escolarização,Ensino Fundamental,"Atendimento Educacional Especializado, Atividade Complementar",-19.87436,-43.93765
ESCOLA EM FUNCIONAMENTO E SEM RESTRIÇÃO DE ATENDIMENTO,EE PROFESSOR JOSE MESQUITA DE CARVALHO,31000086,MG,Belo Horizonte,Urbana,A escola não está em área de localização diferenciada,Pública,"RUA IRAI, 154 VILA PARIS. 30380-640 Belo Horizonte - MG.",(31) 25524877,Estadual,Não Informado,Não,Sim,Mais de 1000 matrículas de escolarização,"Ensino Fundamental, Ensino Médio, Educação Profissional, Educação de Jovens Adultos","Atendimento Educacional Especializado, Atividade Complementar",-19.9481769,-43.94989
ESCOLA ATENDE EXCLUSIVAMENTE ALUNOS COM DEFICIÊNCIA,EE SANDRA RISOLETA DE LIMA HAUCK,31000108,MG,Belo Horizonte,Urbana,A escola não está em área de localização diferenciada,Pública,"RUA SACADURA CABRAL, 402 VILA OESTE. 30532-060 Belo Horizonte - MG.",(31) 33884943,Estadual,Não Informado,Não,Sim,Até 50 matrículas de escolarização,"Ensino Fundamental, Educação de Jovens Adultos",,-19.9377887,-44.0053427
ESCOLA EM FUNCIONAMENTO E SEM RESTRIÇÃO DE ATENDIMENTO,EE CABANA DO PAI TOMAS,31000116,MG,Belo Horizonte,Urbana,A escola não está em área de localização diferenciada,Pública,"RUA DA CHACARA, 132 CABANA. 30512-060 Belo Horizonte - MG.",(31) 33861277,Estadual,Não Informado,Não,Sim,Entre 51 e 200 matrículas de escolarização,Ensino Fundamental,Atividade Complementar,-19.9445399,-44.0017961
ESCOLA EM FUNCIONAMENTO E SEM RESTRIÇÃO DE ATENDIMENTO,EE DOUTOR SIMAO TAMM BIAS FORTES,31000124,MG,Belo Horizonte,Urbana,A escola não está em área de localização diferenciada,Pública,"RUA MARIA BEATRIZ, 1200 HAVAI. 30555-140 Belo Horizonte - MG.",(31) 33121399,Estadual,Não Informado,Não,Sim,Entre 501 e 1000 matrículas de escolarização,"Ensino Fundamental, Ensino Médio, Educação Profissional, Educação de Jovens Adultos",Atividade Complementar,-19.95836,-43.97504
ESCOLA EM FUNCIONAMENTO E SEM RESTRIÇÃO DE ATENDIMENTO,EE GUIMARAES ROSA,31000132,MG,Belo Horizonte,Urbana,A escola não está em área de localização diferenciada,Pública,"RUA AVELAR, 10 PINDORAMA. 30865-530 Belo Horizonte - MG.",(31) 34732077,Estadual,Não Informado,Não,Sim,Entre 501 e 1000 matrículas de escolarização,"Ensino Fundamental, Ensino Médio",Atividade Complementar,-19.91209247,-44.02217696
ESCOLA EM FUNCIONAMENTO E SEM RESTRIÇÃO DE ATENDIMENTO,EE MANUEL CASASANTA,31000159,MG,Belo Horizonte,Urbana,A escola não está em área de localização diferenciada,Pública,"RUA GUILHERMINO ESTEVAO NASCIMENTO, 150 PALMEIRAS. 30570-740 Belo Horizonte - MG.",(31) 33122402,Estadual,Não Informado,Não,Sim,Entre 501 e 1000 matrículas de escolarização,"Ensino Médio, Educação de Jovens Adultos",,-19.96398,-43.97938
ESCOLA EM FUNCIONAMENTO E SEM RESTRIÇÃO DE ATENDIMENTO,EE MARIA DE LOURDES DE OLIVEIRA,31000175,MG,Belo Horizonte,Urbana,A escola não está em área de localização diferenciada,Pública,"RUA JOSE ISIDORO DE MIRANDA, 140 MARIA GORETTI. 31930-540 Belo Horizonte - MG.",(31) 34322770,Estadual,Não Informado,Não,Sim,Mais de 1000 matrículas de escolarização,"Ensino Fundamental, Ensino Médio, Educação Profissional, Educação de Jovens Adultos",Atividade Complementar,-19.8624825,-43.9092733
ESCOLA ATENDE EXCLUSIVAMENTE ALUNOS COM DEFICIÊNCIA,EE DOUTOR AMARO NEVES BARRETO,31000183,MG,Belo Horizonte,Urbana,A escola não está em área de localização diferenciada,Pública,"AVENIDA XIMANGO, 280 FLAVIO MARQUES LISBOA. 30624-160 Belo Horizonte - MG.",(31) 33838569,Estadual,Não Informado,Não,Sim,Entre 51 e 200 matrículas de escolarização,"Ensino Fundamental, Educação de Jovens Adultos",,-19.9976024,-44.0032801
ESCOLA EM FUNCIONAMENTO E SEM RESTRIÇÃO DE ATENDIMENTO,EE CAIO NELSON DE SENA,31000191,MG,Belo Horizonte,Urbana,A escola não está em área de localização diferenciada,Pública,"RUA ENGENHO DE DENTRO, 887 CAICARAS. 30775-480 Belo Horizonte - MG.",(31) 25519740,Estadual,Não Informado,Não,Sim,Entre 501 e 1000 matrículas de escolarização,"Ensino Fundamental, Ensino Médio",,-19.90138505,-43.97108084
ESCOLA EM FUNCIONAMENTO E SEM RESTRIÇÃO DE ATENDIMENTO,EE PROFESSORA FRANCISCA MALHEIROS,31000205,MG,Belo Horizonte,Urbana,A escola não está em área de localização diferenciada,Pública,"RUA RONALD DE CARVALHO, 276 TUPI. 31840-000 Belo Horizonte - MG.",(31) 36581399,Estadual,Não Informado,Não,Sim,Entre 501 e 1000 matrículas de escolarização,"Ensino Fundamental, Ensino Médio, Educação Profissional, Educação de Jovens Adultos",,-19.84001903,-43.91558134
ESCOLA EM FUNCIONAMENTO E SEM RESTRIÇÃO DE ATENDIMENTO,EE HELENA PENA,31000213,MG,Belo Horizonte,Urbana,A escola não está em área de localização diferenciada,Pública,"RUA GENOVEVA DE SOUZA, 691 SAGRADA FAMILIA. 31030-220 Belo Horizonte - MG.",(31) 34828833,Estadual,Não Informado,Não,Sim,Entre 201 e 500 matrículas de escolarização,Ensino Fundamental,,-19.9058471,-43.9253616
ESCOLA EM FUNCIONAMENTO E SEM RESTRIÇÃO DE ATENDIMENTO,EE PRESIDENTE ANTONIO CARLOS,31000221,MG,Belo Horizonte,Urbana,A escola não está em área de localização diferenciada,Pública,"RUA PASSA TEMPO, 600 CARMO SION. 30310-760 Belo Horizonte - MG.",(31) 32217655,Estadual,Não Informado,Não,Sim,Entre 201 e 500 matrículas de escolarização,"Ensino Fundamental, Ensino Médio",,-19.9448382,-43.9339748
ESCOLA EM FUNCIONAMENTO E SEM RESTRIÇÃO DE ATENDIMENTO,EE MARECHAL DEODORO DA FONSECA,31000230,MG,Belo Horizonte,Urbana,A escola não está em área de localização diferenciada,Pública,"RUA CAMPANARIO, 495 SANTA INES. 31080-180 Belo Horizonte - MG.",(31) 34824206,Estadual,Não Informado,Não,Sim,Entre 201 e 500 matrículas de escolarização,Ensino Fundamental,Atendimento Educacional Especializado,-19.8868529,-43.9075675
ESCOLA EM FUNCIONAMENTO E SEM RESTRIÇÃO DE ATENDIMENTO,EE SANTO AFONSO,31000248,MG,Belo Horizonte,Urbana,A escola não está em área de localização diferenciada,Pública,"AVENIDA BERNARDO VASCONCELOS, 1334 RENASCENCA. 31150-000 Belo Horizonte - MG.",(31) 34429111,Estadual,Não Informado,Não,Sim,Entre 501 e 1000 matrículas de escolarização,"Ensino Fundamental, Ensino Médio, Educação Profissional, Educação de Jovens Adultos",,-19.8834789,-43.9395919
ESCOLA EM FUNCIONAMENTO E SEM RESTRIÇÃO DE ATENDIMENTO,EE JOSE MIGUEL DO NASCIMENTO,31000256,MG,Belo Horizonte,Urbana,A escola não está em área de localização diferenciada,Pública,"RUA MARIA BEATRIZ, 90 NOVO INDUSTRIAS. 30610-270 Belo Horizonte - MG.",(31) 33316534,Estadual,Não Informado,Não,Sim,Entre 201 e 500 matrículas de escolarização,"Ensino Fundamental, Ensino Médio, Educação Profissional",,-19.9757506,-43.9951977
ESCOLA EM FUNCIONAMENTO E SEM RESTRIÇÃO DE ATENDIMENTO,EE AFONSO PENA,31000264,MG,Belo Horizonte,Urbana,A escola não está em área de localização diferenciada,Pública,"AVENIDA JOAO PINHEIRO, 450 CENTRO. 30130-180 Belo Horizonte - MG.",(31) 32223547,Estadual,Não Informado,Não,Sim,Entre 501 e 1000 matrículas de escolarização,Ensino Fundamental,Atividade Complementar,-19.9290538,-43.9374893
ESCOLA EM FUNCIONAMENTO E SEM RESTRIÇÃO DE ATENDIMENTO,EE PADRE JOAO MARIA KOOYMAN,31000272,MG,Belo Horizonte,Urbana,A escola não está em área de localização diferenciada,Pública,"RUA PORTO VELHO, 1021 NOSSA SENHORA DO GLORIA. 30870-120 Belo Horizonte - MG.",(31) 34744263,Estadual,Não Informado,Não,Sim,Até 50 matrículas de escolarização,Ensino Fundamental,,-19.9039186,-44.0100859
ESCOLA EM FUNCIONAMENTO E SEM RESTRIÇÃO DE ATENDIMENTO,EE TECNICO INDUSTRIAL PROFESSOR FONTES,31000281,MG,Belo Horizonte,Urbana,A escola não está em área de localização diferenciada,Pública,"RUA SETE, S/N HORTO. 31035-536 Belo Horizonte - MG.",(31) 34862829,Estadual,Não Informado,Não,Sim,Entre 501 e 1000 matrículas de escolarização,"Ensino Médio, Educação Profissional",,-19.8857584,-43.9150789
ESCOLA EM FUNCIONAMENTO E SEM RESTRIÇÃO DE ATENDIMENTO,EE HERMENEGILDO CHAVES,31000299,MG,Belo Horizonte,Urbana,A escola não está em área de localização diferenciada,Pública,"RUA HERCULANO MOURAO SALAZAR, 105 VISTA ALEGRE. 30514-430 Belo Horizonte - MG.",(31) 33743082,Estadual,Não Informado,Não,Sim,Entre 201 e 500 matrículas de escolarização,"Ensino Fundamental, Educação de Jovens Adultos",,-19.9524518,-43.991669
ESCOLA EM FUNCIONAMENTO E SEM RESTRIÇÃO DE ATENDIMENTO,EE PRESIDENTE DUTRA,31000302,MG,Belo Horizonte,Urbana,A escola não está em área de localização diferenciada,Pública,"RUA SETE, S/N HORTO. 31035-536 Belo Horizonte - MG.",(31) 999572716,Estadual,Não Informado,Não,Sim,Entre 501 e 1000 matrículas de escolarização,"Ensino Médio, Educação Profissional, Educação de Jovens Adultos",,-19.8867797,-43.9184958
ESCOLA EM FUNCIONAMENTO E SEM RESTRIÇÃO DE ATENDIMENTO,EE MARGARIDA BROCHADO,31000311,MG,Belo Horizonte,Urbana,A escola não está em área de localização diferenciada,Pública,"RUA BARAO DE COROMANDEL, 426 BARREIRO DE BAIXO. 30640-060 Belo Horizonte - MG.",(31) 33845010,Estadual,Não Informado,Não,Sim,Entre 501 e 1000 matrículas de escolarização,"Ensino Fundamental, Ensino Médio",Atividade Complementar,-19.9749659,-44.0171903
ESCOLA EM FUNCIONAMENTO E SEM RESTRIÇÃO DE ATENDIMENTO,EE SANTOS ANJOS,31000329,MG,Belo Horizonte,Urbana,A escola não está em área de localização diferenciada,Pública,"RUA CATUMBI, 421 CAICARAS. 31230-070 Belo Horizonte - MG.",(31) 33472184,Estadual,Não Informado,Não,Sim,Entre 201 e 500 matrículas de escolarização,Ensino Fundamental,Atendimento Educacional Especializado,-19.9035608,-43.9650223
ESCOLA EM FUNCIONAMENTO E SEM RESTRIÇÃO DE ATENDIMENTO,EE JOSE MENDES JUNIOR,31000337,MG,Belo Horizonte,Urbana,A escola não está em área de localização diferenciada,Pública,"RUA DOUTOR CAMILO ANTONIO NOGUEIRA, 578 SAO LUCAS. 30240-090 Belo Horizonte - MG.",(31) 32810818,Estadual,Não Informado,Não,Sim,Entre 501 e 1000 matrículas de escolarização,Ensino Fundamental,"Atendimento Educacional Especializado, Atividade Complementar",-19.9366687,-43.9137747
ESCOLA EM FUNCIONAMENTO E SEM RESTRIÇÃO DE ATENDIMENTO,EE PROFESSOR HILTON ROCHA,31000353,MG,Belo Horizonte,Urbana,A escola não está em área de localização diferenciada,Pública,"AVENIDA CRISTIANO MACHADO, 8200 PRIMEIRO DE MAIO. 31810-280 Belo Horizonte - MG.",(31) 34334885,Estadual,Não Informado,Não,Sim,Entre 201 e 500 matrículas de escolarização,"Ensino Médio, Educação Profissional, Educação de Jovens Adultos",,-19.85811,-43.93425
ESCOLA EM FUNCIONAMENTO E SEM RESTRIÇÃO DE ATENDIMENTO,EE HENRIQUE DINIZ,31000370,MG,Belo Horizonte,Urbana,A escola não está em área de localização diferenciada,Pública,"RUA TENENTE ANASTACIO DE MOURA, 280 SANTA EFIGENIA. 30240-390 Belo Horizonte - MG.",(31) 34633799,Estadual,Não Informado,Não,Sim,Entre 501 e 1000 matrículas de escolarização,"Ensino Fundamental, Ensino Médio, Educação de Jovens Adultos",Atividade Complementar,-19.9219033,-43.915857
ESCOLA EM FUNCIONAMENTO E SEM RESTRIÇÃO DE ATENDIMENTO,EE MARIANO DE ABREU,31000396,MG,Belo Horizonte,Urbana,A escola não está em área de localização diferenciada,Pública,"RUA SIMAO TAMM, 143 CACHOEIRINHA. 31130-250 Belo Horizonte - MG.",(31) 34420564,Estadual,Não Informado,Não,Sim,Entre 51 e 200 matrículas de escolarização,Ensino Fundamental,Atendimento Educacional Especializado,-19.888793,-43.9450631
ESCOLA EM FUNCIONAMENTO E SEM RESTRIÇÃO DE ATENDIMENTO,EE SAO BENTO,31000400,MG,Belo Horizonte,Urbana,A escola não está em área de localização diferenciada,Pública,"RUA DIORITA, 112 PRADO. 30411-084 Belo Horizonte - MG.",(31) 33349281,Estadual,Não Informado,Não,Sim,Entre 501 e 1000 matrículas de escolarização,Ensino Fundamental,,-19.9198528,-43.9667607
ESCOLA EM FUNCIONAMENTO E SEM RESTRIÇÃO DE ATENDIMENTO,EE PRESIDENTE TANCREDO NEVES,31000418,MG,Belo Horizonte,Urbana,A escola não está em área de localização diferenciada,Pública,"RUA FURQUIM WERNECK, 313 TUPI. 31840-050 Belo Horizonte - MG.",(31) 34331520,Estadual,Não Informado,Não,Sim,Mais de 1000 matrículas de escolarização,"Ensino Fundamental, Ensino Médio, Educação de Jovens Adultos",,-19.84386,-43.919
ESCOLA EM FUNCIONAMENTO E SEM RESTRIÇÃO DE ATENDIMENTO,EE ALBERTO DELPINO,31000426,MG,Belo Horizonte,Urbana,A escola não está em área de localização diferenciada,Pública,"RUA FRANCISCO DUARTE MENDONCA, 2282 BARREIRO DE BAIXO. 30640-460 Belo Horizonte - MG.",(31) 35677919,Estadual,Não Informado,Não,Sim,Entre 501 e 1000 matrículas de escolarização,Ensino Médio,,-19.99200026,-44.01312344
ESCOLA EM FUNCIONAMENTO E SEM RESTRIÇÃO DE ATENDIMENTO,EE CANDIDA CABRAL,31000434,MG,Belo Horizonte,Urbana,A escola não está em área de localização diferenciada,Pública,"RUA FREI LUIZ DE SOUZA, 481 JOAO PINHEIROS. 30530-310 Belo Horizonte - MG.",(31) 33751104,Estadual,Não Informado,Não,Sim,Entre 201 e 500 matrículas de escolarização,"Ensino Médio, Educação de Jovens Adultos",,-19.9283822,-44.002358
ESCOLA EM FUNCIONAMENTO E SEM RESTRIÇÃO DE ATENDIMENTO,EE DOM CABRAL,31000442,MG,Belo Horizonte,Urbana,A escola não está em área de localização diferenciada,Pública,"RUA SAO FELICISSIMO, 153 BETANIA. 30580-250 Belo Horizonte - MG.",(31) 33832700,Estadual,Não Informado,Não,Sim,Mais de 1000 matrículas de escolarização,"Ensino Fundamental, Ensino Médio, Educação Profissional, Educação de Jovens Adultos",,-19.96254721,-43.98844946
ESCOLA EM FUNCIONAMENTO E SEM RESTRIÇÃO DE ATENDIMENTO,EE HUGO WERNECK,31000451,MG,Belo Horizonte,Urbana,A escola não está em área de localização diferenciada,Pública,"RUA DOUTOR ZEFERINO MOTA, 115 SANTA MARIA. 30525-170 Belo Horizonte - MG.",(31) 33882388,Estadual,Não Informado,Não,Sim,Entre 201 e 500 matrículas de escolarização,Ensino Fundamental,,-19.9347638,-44.0088623
ESCOLA EM FUNCIONAMENTO E SEM RESTRIÇÃO DE ATENDIMENTO,EE PRINCESA ISABEL,31000469,MG,Belo Horizonte,Urbana,A escola não está em área de localização diferenciada,Pública,"RUA SANTA JUDITH, 565 APARECIDA. 31250-050 Belo Horizonte - MG.",(31) 34281214,Estadual,Não Informado,Não,Sim,Mais de 1000 matrículas de escolarização,"Ensino Fundamental, Ensino Médio, Educação de Jovens Adultos","Atendimento Educacional Especializado, Atividade Complementar",-19.8890062,-43.9604332
ESCOLA EM FUNCIONAMENTO E SEM RESTRIÇÃO DE ATENDIMENTO,EE MARIETA BROCHADO,31000477,MG,Belo Horizonte,Urbana,A escola não está em área de localização diferenciada,Pública,"AVENIDA ABILIO MACHADO, 2085 GLORIA. 30830-373 Belo Horizonte - MG.",(31) 34742800,Estadual,Não Informado,Não,Sim,Entre 201 e 500 matrículas de escolarização,Ensino Fundamental,,-19.8975894,-44.0075589
ESCOLA EM FUNCIONAMENTO E SEM RESTRIÇÃO DE ATENDIMENTO,INSTITUTO SAO RAFAEL,31000485,MG,Belo Horizonte,Urbana,A escola não está em área de localização diferenciada,Pública,"AVENIDA AUGUSTO DE LIMA, 2109 BARRO PRETO. 30190-002 Belo Horizonte - MG.",(31) 32953221,Estadual,Não Informado,Não,Sim,Entre 51 e 200 matrículas de escolarização,"Ensino Fundamental, Educação Profissional",,-19.92035,-43.95512
ESCOLA EM FUNCIONAMENTO E SEM RESTRIÇÃO DE ATENDIMENTO,EE DEPUTADO ILACIR PEREIRA LIMA,31000493,MG,Belo Horizonte,Urbana,A escola não está em área de localização diferenciada,Pública,"RUA CONDE SANTA MARINHA, 707 CACHOEIRINHA. 31130-080 Belo Horizonte - MG.",(31) 34212016,Estadual,Não Informado,Não,Sim,Entre 501 e 1000 matrículas de escolarização,"Ensino Médio, Educação de Jovens Adultos",,-19.89017,-43.94597
ESCOLA EM FUNCIONAMENTO E SEM RESTRIÇÃO DE ATENDIMENTO,EE DULCE PINTO RODRIGUES,31000507,MG,Belo Horizonte,Urbana,A escola não está em área de localização diferenciada,Pública,"RUA DONA CECILIA, 280 SERRA. 30220-070 Belo Horizonte - MG.",(31) 25123745,Estadual,Não Informado,Não,Sim,Entre 51 e 200 matrículas de escolarização,Ensino Fundamental,,-19.9381813,-43.9219664
ESCOLA EM FUNCIONAMENTO E SEM RESTRIÇÃO DE ATENDIMENTO,EE CANDIDO PORTINARI,31000515,MG,Belo Horizonte,Urbana,A escola não está em área de localização diferenciada,Pública,"RUA CAMPINA VERDE, 0 SALGADO FILHO. 30550-340 Belo Horizonte - MG.",(31) 33121041,Estadual,Não Informado,Não,Sim,Entre 501 e 1000 matrículas de escolarização,"Ensino Fundamental, Ensino Médio, Educação Profissional, Educação de Jovens Adultos",Atividade Complementar,-19.94285,-43.98724
ESCOLA EM FUNCIONAMENTO E SEM RESTRIÇÃO DE ATENDIMENTO,EE PROFESSOR AFFONSO NEVES,31000540,MG,Belo Horizonte,Urbana,A escola não está em área de localização diferenciada,Pública,"RUA GUIMARAES, 900 SAO FRANCISCO. 31255-050 Belo Horizonte - MG.",(31) 34412877,Estadual,Não Informado,Não,Sim,Entre 201 e 500 matrículas de escolarização,"Ensino Fundamental, Ensino Médio, Educação Profissional",,-19.87772,-43.96433
ESCOLA EM FUNCIONAMENTO E SEM RESTRIÇÃO DE ATENDIMENTO,EE MARIO CASASSANTA,31000558,MG,Belo Horizonte,Urbana,A escola não está em área de localização diferenciada,Pública,"RUA CONSELHEIRO JOAQUIM CAETANO, 1499 NOVA GRANADA. 30431-320 Belo Horizonte - MG.",(31) 33347054,Estadual,Não Informado,Não,Sim,Entre 51 e 200 matrículas de escolarização,Ensino Fundamental,,-19.9466593,-43.9660469
ESCOLA EM FUNCIONAMENTO E SEM RESTRIÇÃO DE ATENDIMENTO,EE SAO SALVADOR,31000566,MG,Belo Horizonte,Urbana,A escola não está em área de localização diferenciada,Pública,"AVENIDA AMINTAS JACQUES DE MORAIS, 85 GLORIA. 30880-133 Belo Horizonte - MG.",(31) 34743238,Estadual,Não Informado,Não,Sim,Entre 201 e 500 matrículas de escolarização,Ensino Fundamental,Atividade Complementar,-19.89534,-44.0116
ESCOLA EM FUNCIONAMENTO E SEM RESTRIÇÃO DE ATENDIMENTO,EE PROFESSOR ALISSON PEREIRA GUIMARAES,31000582,MG,Belo Horizonte,Urbana,A escola não está em área de localização diferenciada,Pública,"RUA DOS ECONOMISTAS, 612 ALIPIO DE MELO. 30840-330 Belo Horizonte - MG.",(31) 34711642,Estadual,Não Informado,Não,Sim,Mais de 1000 matrículas de escolarização,"Ensino Fundamental, Ensino Médio, Educação de Jovens Adultos",Atividade Complementar,-19.8888571,-44.0052892
ESCOLA EM FUNCIONAMENTO E SEM RESTRIÇÃO DE ATENDIMENTO,EE ALVARO LAUREANO PIMENTEL,31000591,MG,Belo Horizonte,Urbana,A escola não está em área de localização diferenciada,Pública,"RUA JOSE OVIDIO GUERRA, 445 CARDOSO. 30626-660 Belo Horizonte - MG.",(31) 33836831,Estadual,Não Informado,Não,Sim,Entre 501 e 1000 matrículas de escolarização,"Ensino Fundamental, Ensino Médio, Educação Profissional, Educação de Jovens Adultos",Atendimento Educacional Especializado,-20.00278,-44.00721
ESCOLA EM FUNCIONAMENTO E SEM RESTRIÇÃO DE ATENDIMENTO,EE DOMINGAS MARIA DE ALMEIDA,31000604,MG,Belo Horizonte,Urbana,A escola não está em área de localização diferenciada,Pública,"RUA JOANICO CIRILO DE ABREU, 285 INDEPENDENCIA. 30672-200 Belo Horizonte - MG.",(31) 33856107,Estadual,Não Informado,Não,Sim,Mais de 1000 matrículas de escolarização,"Ensino Fundamental, Ensino Médio, Educação Profissional, Educação de Jovens Adultos",Atividade Complementar,-20.0194068,-44.0344653
ESCOLA EM FUNCIONAMENTO E SEM RESTRIÇÃO DE ATENDIMENTO,EE PROFESSOR ALCINDO VIEIRA,31000621,MG,Belo Horizonte,Urbana,A escola não está em área de localização diferenciada,Pública,"PRACA BERNARDO DA VEIGA, 0 NOVA CACHOEIRINHA. 31250-340 Belo Horizonte - MG.",(31) 34281611,Estadual,Não Informado,Não,Sim,Entre 201 e 500 matrículas de escolarização,Ensino Fundamental,Atividade Complementar,-19.8833874,-43.9586345
ESCOLA EM FUNCIONAMENTO E SEM RESTRIÇÃO DE ATENDIMENTO,EE MAURICIO MURGEL,31000639,MG,Belo Horizonte,Urbana,A escola não está em área de localização diferenciada,Pública,"AVENIDA AMAZONAS, 5154 NOVA SUICA. 30421-056 Belo Horizonte - MG.",(31) 33726086,Estadual,Não Informado,Não,Sim,Mais de 1000 matrículas de escolarização,"Ensino Médio, Educação Profissional, Educação de Jovens Adultos",Atendimento Educacional Especializado,-19.9293682,-43.9783133
ESCOLA EM FUNCIONAMENTO E SEM RESTRIÇÃO DE ATENDIMENTO,EE SARAH KUBITSCHEK ITAMARATI,31000647,MG,Belo Horizonte,Urbana,A escola não está em área de localização diferenciada,Pública,"RUA ANITA BLUMBERG, 61 OURO PRETO. 31340-150 Belo Horizonte - MG.",(31) 34983108,Estadual,Não Informado,Não,Sim,Entre 201 e 500 matrículas de escolarização,Ensino Fundamental,,-19.8681959,-43.9876562
ESCOLA EM FUNCIONAMENTO E SEM RESTRIÇÃO DE ATENDIMENTO,EE DO INSTITUTO AGRONOMICO,31000655,MG,Belo Horizonte,Urbana,A escola não está em área de localização diferenciada,Pública,"RUA SANTO AGOSTINHO, 1535 INSTITUTO AGRONOMICO. 31035-480 Belo Horizonte - MG.",(31) 34674277,Estadual,Não Informado,Não,Sim,Entre 201 e 500 matrículas de escolarização,Ensino Fundamental,Atividade Complementar,-19.89812,-43.91308
ESCOLA EM FUNCIONAMENTO E SEM RESTRIÇÃO DE ATENDIMENTO,EE ALZIRA ALBUQUERQUE MOSQUEIRA,31000663,MG,Belo Horizonte,Urbana,A escola não está em área de localização diferenciada,Pública,"RUA PROFESSOR CICERO PEREIRA, 69 SALGADO FILHO. 30550-660 Belo Horizonte - MG.",(31) 33121388,Estadual,Não Informado,Não,Sim,Entre 51 e 200 matrículas de escolarização,Ensino Fundamental,Atividade Complementar,-19.94871888,-43.97940913
ESCOLA EM FUNCIONAMENTO E SEM RESTRIÇÃO DE ATENDIMENTO,EE CARLOS CAMPOS,31000671,MG,Belo Horizonte,Urbana,A escola não está em área de localização diferenciada,Pública,"RUA JORN OSVALDINA NOBRE, 100 EYMARD. 31930-660 Belo Horizonte - MG.",(31) 36564074,Estadual,Não Informado,Não,Sim,Entre 201 e 500 matrículas de escolarização,Ensino Fundamental,,-19.8605447,-43.9165879
ESCOLA ATENDE EXCLUSIVAMENTE ALUNOS COM DEFICIÊNCIA,EE DONA ARGENTINA VIANNA CASTELO BRANCO,31000680,MG,Belo Horizonte,Urbana,A escola não está em área de localização diferenciada,Pública,"RUA ORIENTE, 758 SERRA. 30220-270 Belo Horizonte - MG.",(31) 21181985,Estadual,Não Informado,Não,Sim,Até 50 matrículas de escolarização,Educação de Jovens Adultos,,-19.9444409,-43.9190503
ESCOLA EM FUNCIONAMENTO E SEM RESTRIÇÃO DE ATENDIMENTO,EE PROFESSOR GUILHERME AZEVEDO LAGE,31000698,MG,Belo Horizonte,Urbana,A escola não está em área de localização diferenciada,Pública,"RUA MARICA, 285 SAO GABRIEL. 31980-470 Belo Horizonte - MG.",(31) 34931474,Estadual,Não Informado,Não,Sim,Entre 501 e 1000 matrículas de escolarização,"Ensino Médio, Educação Profissional, Educação de Jovens Adultos",,-19.84842,-43.91257
ESCOLA EM FUNCIONAMENTO E SEM RESTRIÇÃO DE ATENDIMENTO,EE PROFESSOR BATISTA SANTIAGO,31000701,MG,Belo Horizonte,Urbana,A escola não está em área de localização diferenciada,Pública,"RUA CLEBER SOARES ANDRADE, 330 SANTA MONICA. 31525-390 Belo Horizonte - MG.",(31) 34550927,Estadual,Não Informado,Não,Sim,Entre 201 e 500 matrículas de escolarização,Ensino Fundamental,,-19.8249982,-43.9785477
ESCOLA EM FUNCIONAMENTO E SEM RESTRIÇÃO DE ATENDIMENTO,EE MELO VIANA,31000710,MG,Belo Horizonte,Urbana,A escola não está em área de localização diferenciada,Pública,"RUA BOM SUCESSO, 345 CARLOS PRATES. 30710-440 Belo Horizonte - MG.",(31) 34621088,Estadual,Não Informado,Não,Sim,Entre 201 e 500 matrículas de escolarização,Ensino Fundamental,Atividade Complementar,-19.9127244,-43.9646258
ESCOLA EM FUNCIONAMENTO E SEM RESTRIÇÃO DE ATENDIMENTO,EE SARAH KUBITSCHEK BAIRRO GRACA,31000728,MG,Belo Horizonte,Urbana,A escola não está em área de localização diferenciada,Pública,"RUA JUACEMA, 315 DA GRACA. 31140-030 Belo Horizonte - MG.",(31) 34212313,Estadual,Não Informado,Não,Sim,Entre 51 e 200 matrículas de escolarização,Ensino Fundamental,,-19.90049,-43.93124
ESCOLA EM FUNCIONAMENTO E SEM RESTRIÇÃO DE ATENDIMENTO,EE AMELIA JOSEFINA KEESEN,31000744,MG,Belo Horizonte,Urbana,A escola não está em área de localização diferenciada,Pública,"RUA HERCULANO PENA, 598 NOVA SUICA. 30550-012 Belo Horizonte - MG.",(31) 33717099,Estadual,Não Informado,Não,Sim,Entre 201 e 500 matrículas de escolarização,Ensino Fundamental,Atividade Complementar,-19.936429,-43.981279
ESCOLA EM FUNCIONAMENTO E SEM RESTRIÇÃO DE ATENDIMENTO,EE CARLOS GOES,31000752,MG,Belo Horizonte,Urbana,A escola não está em área de localização diferenciada,Pública,"RUA ERNESTO AUSTIN, 420 BOA VISTA. 31060-430 Belo Horizonte - MG.",(31) 34857577,Estadual,Não Informado,Não,Sim,Entre 201 e 500 matrículas de escolarização,"Ensino Fundamental, Ensino Médio, Educação Profissional",Atividade Complementar,-19.8956823,-43.9023814
ESCOLA EM FUNCIONAMENTO E SEM RESTRIÇÃO DE ATENDIMENTO,EE DONA AUGUSTA GONCALVES NOGUEIRA,31000761,MG,Belo Horizonte,Urbana,A escola não está em área de localização diferenciada,Pública,"RUA COPERNICO PINTO COELHO, 13 SANTA LUCIA. 30350-290 Belo Horizonte - MG.",(31) 32964388,Estadual,Não Informado,Não,Sim,Entre 51 e 200 matrículas de escolarização,Ensino Fundamental,Atendimento Educacional Especializado,-19.9501965,-43.9450248
ESCOLA EM FUNCIONAMENTO E SEM RESTRIÇÃO DE ATENDIMENTO,EE PROFESSOR CAETANO AZEREDO,31000787,MG,Belo Horizonte,Urbana,A escola não está em área de localização diferenciada,Pública,"RUA GUAJAJARAS, 1827 BARRO PRETO. 30180-101 Belo Horizonte - MG.",(31) 32954965,Estadual,Não Informado,Não,Sim,Entre 501 e 1000 matrículas de escolarização,"Ensino Fundamental, Ensino Médio",,-19.9231155,-43.9507842
ESCOLA EM FUNCIONAMENTO E SEM RESTRIÇÃO DE ATENDIMENTO,EE MINISTRO ALFREDO VILHENA VALLADAO,31000795,MG,Belo Horizonte,Urbana,A escola não está em área de localização diferenciada,Pública,"RUA SONIA MORAES ANGEL, 111 TIROL. 30662-300 Belo Horizonte - MG.",(31) 33853775,Estadual,Não Informado,Não,Sim,Entre 201 e 500 matrículas de escolarização,"Ensino Médio, Educação Profissional, Educação de Jovens Adultos",,-19.99213422,-44.03792298
ESCOLA EM FUNCIONAMENTO E SEM RESTRIÇÃO DE ATENDIMENTO,EE SARAH KUBITSCHEK IPIRANGA,31000809,MG,Belo Horizonte,Urbana,A escola não está em área de localização diferenciada,Pública,"RUA JOSE CLEMENTE PEREIRA, 91 IPIRANGA. 31160-130 Belo Horizonte - MG.",(31) 34263270,Estadual,Não Informado,Não,Sim,Entre 201 e 500 matrículas de escolarização,Ensino Fundamental,,-19.88201,-43.93517
ESCOLA EM FUNCIONAMENTO E SEM RESTRIÇÃO DE ATENDIMENTO,EE ANA DE CARVALHO SILVEIRA,31000825,MG,Belo Horizonte,Urbana,A escola não está em área de localização diferenciada,Pública,"AVENIDA DOM LEME, 235 SILVEIRA. 31140-560 Belo Horizonte - MG.",(31) 34236080,Estadual,Não Informado,Não,Sim,Entre 51 e 200 matrículas de escolarização,"Ensino Fundamental, Ensino Médio, Educação Profissional",Atendimento Educacional Especializado,-19.88755,-43.9304
ESCOLA EM FUNCIONAMENTO E SEM RESTRIÇÃO DE ATENDIMENTO,EE CARMO GIFFONI,31000833,MG,Belo Horizonte,Urbana,A escola não está em área de localização diferenciada,Pública,"RUA COLAR, 85 JATOBA. 30692-020 Belo Horizonte - MG.",(31) 33854381,Estadual,Não Informado,Não,Sim,Mais de 1000 matrículas de escolarização,"Ensino Fundamental, Ensino Médio, Educação Profissional, Educação de Jovens Adultos",,-19.9942303,-44.05401304
ESCOLA EM FUNCIONAMENTO E SEM RESTRIÇÃO DE ATENDIMENTO,EE DOUTOR AURINO MORAIS,31000841,MG,Belo Horizonte,Urbana,A escola não está em área de localização diferenciada,Pública,"RUA DOMICIO GABRIEL DE VASCONCELOS, 230 VALE DO JATOBA. 30664-480 Belo Horizonte - MG.",(31) 33856088,Estadual,Não Informado,Não,Sim,Mais de 1000 matrículas de escolarização,"Ensino Fundamental, Ensino Médio, Educação Profissional, Educação de Jovens Adultos",,-20.00968341,-44.03732648
ESCOLA EM FUNCIONAMENTO E SEM RESTRIÇÃO DE ATENDIMENTO,EE PROFESSOR CLAUDIO BRANDAO,31000868,MG,Belo Horizonte,Urbana,A escola não está em área de localização diferenciada,Pública,"AVENIDA SENADOR LEVINDO COELHO, 250 VALE DO JATOBA. 30662-290 Belo Horizonte - MG.",(31) 33857146,Estadual,Não Informado,Não,Sim,Mais de 1000 matrículas de escolarização,Ensino Médio,,-19.99528307,-44.0354343
ESCOLA EM FUNCIONAMENTO E SEM RESTRIÇÃO DE ATENDIMENTO,EE NECESIO TAVARES,31000876,MG,Belo Horizonte,Urbana,A escola não está em área de localização diferenciada,Pública,"RUA FERNAO DIAS, 7 ALTO VERA CRUZ. 30285-160 Belo Horizonte - MG.",(31) 34831212,Estadual,Não Informado,Não,Sim,Entre 201 e 500 matrículas de escolarização,Ensino Fundamental,Atendimento Educacional Especializado,-19.907244,-43.8921221
ESCOLA EM FUNCIONAMENTO E SEM RESTRIÇÃO DE ATENDIMENTO,EE JOAO ALPHONSUS,31000892,MG,Belo Horizonte,Urbana,A escola não está em área de localização diferenciada,Pública,"RUA DOUTOR MICHAELLI, 680 PARAISO. 30270-190 Belo Horizonte - MG.",(31) 34822083,Estadual,Não Informado,Não,Sim,Entre 501 e 1000 matrículas de escolarização,"Ensino Fundamental, Ensino Médio, Educação de Jovens Adultos",Atividade Complementar,-19.9219122,-43.9001878
ESCOLA EM FUNCIONAMENTO E SEM RESTRIÇÃO DE ATENDIMENTO,EE DOUTOR EUZEBIO DIAS BICALHO,31000922,MG,Belo Horizonte,Urbana,A escola não está em área de localização diferenciada,Pública,"AVENIDA SERRANO, 75 SERRANO. 30882-370 Belo Horizonte - MG.",(31) 34761277,Estadual,Não Informado,Não,Sim,Entre 501 e 1000 matrículas de escolarização,Ensino Fundamental,,-19.88472505,-44.01298111
ESCOLA EM FUNCIONAMENTO E SEM RESTRIÇÃO DE ATENDIMENTO,EE JORNALISTA JORGE PAES SARDINHA,31000931,MG,Belo Horizonte,Urbana,A escola não está em área de localização diferenciada,Pública,"RUA FRANCISCA SANTOS ANASTASIA, 990 JARDIM ALVORADA. 30810-660 Belo Horizonte - MG.",(31) 34181784,Estadual,Não Informado,Não,Sim,Entre 501 e 1000 matrículas de escolarização,Ensino Fundamental,,-19.8905507,-43.9910349
ESCOLA EM FUNCIONAMENTO E SEM RESTRIÇÃO DE ATENDIMENTO,EE PROFESSOR CLOVIS SALGADO,31000949,MG,Belo Horizonte,Urbana,A escola não está em área de localização diferenciada,Pública,"AVENIDA DAS CASTANHOLAS, 80 CONJUNTO CALIFORNIA. 30850-760 Belo Horizonte - MG.",(31) 34172127,Estadual,Não Informado,Não,Sim,Entre 201 e 500 matrículas de escolarização,"Ensino Fundamental, Ensino Médio, Educação Profissional, Educação de Jovens Adultos","Atendimento Educacional Especializado, Atividade Complementar",-19.9235246,-44.00952162
ESCOLA EM FUNCIONAMENTO E SEM RESTRIÇÃO DE ATENDIMENTO,EE NOSSA SENHORA APARECIDA,31000957,MG,Belo Horizonte,Urbana,A escola não está em área de localização diferenciada,Pública,"RUA PAULO ARBEX, 25 JARDIM AMERICA. 30421-476 Belo Horizonte - MG.",(31) 33738447,Estadual,Não Informado,Não,Sim,Entre 501 e 1000 matrículas de escolarização,"Ensino Fundamental, Ensino Médio",Atividade Complementar,-19.950765,-43.9684033
ESCOLA EM FUNCIONAMENTO E SEM RESTRIÇÃO DE ATENDIMENTO,EE JOSE BONIFACIO,31000973,MG,Belo Horizonte,Urbana,A escola não está em área de localização diferenciada,Pública,"RUA HERMILO ALVES, 168 SANTA TEREZA. 31010-070 Belo Horizonte - MG.",(31) 25522227,Estadual,Não Informado,Não,Sim,Entre 51 e 200 matrículas de escolarização,"Ensino Fundamental, Ensino Médio, Educação Profissional",,-19.91665,-43.92474
ESCOLA EM FUNCIONAMENTO E SEM RESTRIÇÃO DE ATENDIMENTO,EE CECILIA MEIRELES,31000990,MG,Belo Horizonte,Urbana,A escola não está em área de localização diferenciada,Pública,"RUA JOSE DOS SANTOS LAGE, 360 TEIXEIRA DIAS. 30644-220 Belo Horizonte - MG.",(31) 33843587,Estadual,Não Informado,Não,Sim,Mais de 1000 matrículas de escolarização,"Ensino Fundamental, Ensino Médio, Educação de Jovens Adultos",,-19.9892791,-44.0176797
ESCOLA ATENDE EXCLUSIVAMENTE ALUNOS COM DEFICIÊNCIA,EE DE EDUCACAO ESPECIAL DOUTOR JOAO MOREIRA SALLES,31001007,MG,Belo Horizonte,Urbana,A escola não está em área de localização diferenciada,Pública,"RUA SANTA CLARA DE ASSIS, 159 MINASLANDIA. 31810-390 Belo Horizonte - MG.",(31) 34452215,Estadual,Não Informado,Não,Sim,Até 50 matrículas de escolarização,"Ensino Fundamental, Educação de Jovens Adultos",,-19.8544,-43.93251
ESCOLA EM FUNCIONAMENTO E SEM RESTRIÇÃO DE ATENDIMENTO,EE NOSSA SENHORA DO BELO RAMO,31001031,MG,Belo Horizonte,Urbana,A escola não está em área de localização diferenciada,Pública,"RUA SEBASTIAO DE BARROS, 151 NOVA GRANADA. 30431-325 Belo Horizonte - MG.",(31) 33719749,Estadual,Não Informado,Não,Sim,Entre 501 e 1000 matrículas de escolarização,"Ensino Fundamental, Ensino Médio, Educação Profissional, Educação de Jovens Adultos",Atividade Complementar,-19.9408109,-43.9684078
ESCOLA EM FUNCIONAMENTO E SEM RESTRIÇÃO DE ATENDIMENTO,EE SARAH KUBITSCHEK SAO GERALDO,31001040,MG,Belo Horizonte,Urbana,A escola não está em área de localização diferenciada,Pública,"RUA JANAITIBA, 144 SAO GERALDO. 31050-260 Belo Horizonte - MG.",(31) 33473065,Estadual,Não Informado,Não,Sim,Entre 201 e 500 matrículas de escolarização,Ensino Fundamental,,-19.902442,-43.8980456
ESCOLA EM FUNCIONAMENTO E SEM RESTRIÇÃO DE ATENDIMENTO,EE JOSE IZIDORO DE MIRANDA,31001058,MG,Belo Horizonte,Urbana,A escola não está em área de localização diferenciada,Pública,"RUA FRANCELINA ALVES DE MIRANDA, 468 MARIA GORETTI. 31920-690 Belo Horizonte - MG.",(31) 34323158,Estadual,Não Informado,Não,Sim,Entre 201 e 500 matrículas de escolarização,Ensino Fundamental,Atendimento Educacional Especializado,-19.86456,-43.90926
ESCOLA ATENDE EXCLUSIVAMENTE ALUNOS COM DEFICIÊNCIA,EE PESTALOZZI,31001066,MG,Belo Horizonte,Urbana,A escola não está em área de localização diferenciada,Pública,"RUA TIMBIRAS, 3080 BARRO PRETO. 30140-062 Belo Horizonte - MG.",(31) 32954967,Estadual,Não Informado,Não,Sim,Até 50 matrículas de escolarização,Educação de Jovens Adultos,,-19.9233819,-43.9516574
ESCOLA EM FUNCIONAMENTO E SEM RESTRIÇÃO DE ATENDIMENTO,EE CELSO MACHADO,31001074,MG,Belo Horizonte,Urbana,A escola não está em área de localização diferenciada,Pública,"RUA DONA LUIZA, 491 MILIONARIOS. 30620-090 Belo Horizonte - MG.",(31) 33837458,Estadual,Não Informado,Não,Sim,Mais de 1000 matrículas de escolarização,"Ensino Fundamental, Ensino Médio, Educação Profissional, Educação de Jovens Adultos","Atendimento Educacional Especializado, Atividade Complementar",-19.98482,-44.00408
ESCOLA EM FUNCIONAMENTO E SEM RESTRIÇÃO DE ATENDIMENTO,EE DOUTOR LUCAS MONTEIRO MACHADO,31001082,MG,Belo Horizonte,Urbana,A escola não está em área de localização diferenciada,Pública,"RUA GUARARAPES, 1800 PINDORAMA. 30865-000 Belo Horizonte - MG.",(31) 34732695,Estadual,Não Informado,Não,Sim,Entre 51 e 200 matrículas de escolarização,"Ensino Médio, Educação Profissional, Educação de Jovens Adultos",,-19.90999063,-44.02035053
ESCOLA EM FUNCIONAMENTO E SEM RESTRIÇÃO DE ATENDIMENTO,EE JOSE MENDES CORREA,31001091,MG,Belo Horizonte,Urbana,A escola não está em área de localização diferenciada,Pública,"RUA CARMELITA PRATES DA SILVA, 682 SALGADO FILHO. 30550-110 Belo Horizonte - MG.",(31) 33322594,Estadual,Não Informado,Não,Sim,Entre 51 e 200 matrículas de escolarização,Ensino Fundamental,Atendimento Educacional Especializado,-19.94348,-43.98538
ESCOLA EM FUNCIONAMENTO E SEM RESTRIÇÃO DE ATENDIMENTO,EE PROFESSOR FRANCISCO BRANT,31001104,MG,Belo Horizonte,Urbana,A escola não está em área de localização diferenciada,Pública,"RUA ANTONIO PEIXOTO GUIMARAES, 165 CAICARAADELAIDE. 30770-290 Belo Horizonte - MG.",(31) 34642260,Estadual,Não Informado,Não,Sim,Entre 201 e 500 matrículas de escolarização,"Ensino Fundamental, Ensino Médio, Educação de Jovens Adultos","Atendimento Educacional Especializado, Atividade Complementar",-19.90783,-43.97535
ESCOLA EM FUNCIONAMENTO E SEM RESTRIÇÃO DE ATENDIMENTO,EE ODILON BEHRENS,31001112,MG,Belo Horizonte,Urbana,A escola não está em área de localização diferenciada,Pública,"RUA CONEGO FELICIO, 84 CORACAO EUCARISTICO. 30535-570 Belo Horizonte - MG.",(31) 33714474,Estadual,Não Informado,Não,Sim,Entre 201 e 500 matrículas de escolarização,"Ensino Fundamental, Ensino Médio, Educação de Jovens Adultos",,-19.925439,-43.985599
ESCOLA EM FUNCIONAMENTO E SEM RESTRIÇÃO DE ATENDIMENTO,EE SERGIA CALDEIRA ALKIMIN,31001121,MG,Belo Horizonte,Urbana,A escola não está em área de localização diferenciada,Pública,"RUA SANTA EDWIGES, 336 SAO MARCOS. 31920-530 Belo Horizonte - MG.",(31) 34323839,Estadual,Não Informado,Não,Sim,Entre 51 e 200 matrículas de escolarização,Ensino Fundamental,,-19.86831,-43.91191
ESCOLA EM FUNCIONAMENTO E SEM RESTRIÇÃO DE ATENDIMENTO,EE CESARIO ALVIM,31001155,MG,Belo Horizonte,Urbana,A escola não está em área de localização diferenciada,Pública,"RUA RIO GRANDE DO SUL, 0 CENTRO. 30170-110 Belo Horizonte - MG.",(31) 32127638,Estadual,Não Informado,Não,Sim,Entre 201 e 500 matrículas de escolarização,Ensino Fundamental,"Atendimento Educacional Especializado, Atividade Complementar",-19.9179154,-43.9447792
ESCOLA EM FUNCIONAMENTO E SEM RESTRIÇÃO DE ATENDIMENTO,EE DUQUE DE CAXIAS,31001163,MG,Belo Horizonte,Urbana,A escola não está em área de localização diferenciada,Pública,"RUA MARIA DE LOURDES OLIVEIRA, 85 SANTA HELENA. 30642-200 Belo Horizonte - MG.",(31) 33845022,Estadual,Não Informado,Não,Sim,Entre 501 e 1000 matrículas de escolarização,Ensino Fundamental,,-19.98363,-44.01099
ESCOLA EM FUNCIONAMENTO E SEM RESTRIÇÃO DE ATENDIMENTO,EE JULIA LOPES DE ALMEIDA,31001171,MG,Belo Horizonte,Urbana,A escola não está em área de localização diferenciada,Pública,"RUA PADRE JULIO MARIA, 177 SAUDADE. 30285-360 Belo Horizonte - MG.",(31) 36547222,Estadual,Não Informado,Não,Sim,Entre 201 e 500 matrículas de escolarização,Ensino Fundamental,Atividade Complementar,-19.916947,-43.9003029
ESCOLA EM FUNCIONAMENTO E SEM RESTRIÇÃO DE ATENDIMENTO,EE PROFESSOR LEON RENAULT,31001180,MG,Belo Horizonte,Urbana,A escola não está em área de localização diferenciada,Pública,"AVENIDA AMAZONAS, 5855 GAMELEIRA. 30510-000 Belo Horizonte - MG.",(31) 33325097,Estadual,Não Informado,Não,Sim,Mais de 1000 matrículas de escolarização,"Ensino Fundamental, Educação de Jovens Adultos",Atendimento Educacional Especializado,-19.932269,-43.985693
ESCOLA EM FUNCIONAMENTO E SEM RESTRIÇÃO DE ATENDIMENTO,EE OLEGARIO MACIEL,31001198,MG,Belo Horizonte,Urbana,A escola não está em área de localização diferenciada,Pública,"AVENIDA OLEGARIO MACIEL, 422 CENTRO. 30180-110 Belo Horizonte - MG.",(31) 32019816,Estadual,Não Informado,Não,Sim,Entre 201 e 500 matrículas de escolarização,Ensino Médio,,-19.9179596,-43.944188
ESCOLA EM FUNCIONAMENTO E SEM RESTRIÇÃO DE ATENDIMENTO,EE SILVIANO BRANDAO,31001201,MG,Belo Horizonte,Urbana,A escola não está em área de localização diferenciada,Pública,"RUA ITAPECERICA, 685 LAGOINHA. 31210-030 Belo Horizonte - MG.",(31) 34425801,Estadual,Não Informado,Não,Sim,Entre 201 e 500 matrículas de escolarização,"Ensino Fundamental, Ensino Médio, Educação Profissional, Educação de Jovens Adultos","Atendimento Educacional Especializado, Atividade Complementar",-19.9078381,-43.9452108
ESCOLA EM FUNCIONAMENTO E SEM RESTRIÇÃO DE ATENDIMENTO,EE ANITA BRINA BRANDAO,31001210,MG,Belo Horizonte,Urbana,A escola não está em área de localização diferenciada,Pública,"RUA HIGINO BONFIOLI, 5 JARAGUA. 31270-460 Belo Horizonte - MG.",(31) 34911045,Estadual,Não Informado,Não,Sim,Mais de 1000 matrículas de escolarização,"Ensino Fundamental, Ensino Médio",,-19.8560834,-43.9489034
ESCOLA EM FUNCIONAMENTO E SEM RESTRIÇÃO DE ATENDIMENTO,EE ESTEVAO PINTO,31001228,MG,Belo Horizonte,Urbana,A escola não está em área de localização diferenciada,Pública,"RUA CONSELHEIRO ROCHA, 3792 HORTO. 31035-007 Belo Horizonte - MG.",(31) 21299520,Estadual,Não Informado,Não,Sim,Entre 51 e 200 matrículas de escolarização,Educação de Jovens Adultos,,-19.91011,-43.91315
ESCOLA EM FUNCIONAMENTO E SEM RESTRIÇÃO DE ATENDIMENTO,EE EFIGENIO SALLES,31001244,MG,Belo Horizonte,Urbana,A escola não está em área de localização diferenciada,Pública,"RUA SERENATA, 115 SANTANA DO CAFEZAL. 30250-000 Belo Horizonte - MG.",(31) 32820255,Estadual,Não Informado,Não,Sim,Entre 201 e 500 matrículas de escolarização,Ensino Fundamental,,-19.93523,-43.90981
ESCOLA EM FUNCIONAMENTO E SEM RESTRIÇÃO DE ATENDIMENTO,EE LAICE AGUIAR,31001252,MG,Belo Horizonte,Urbana,A escola não está em área de localização diferenciada,Pública,"RUA MARIA DA SILVEIRA, 44 NOVO GLORIA. 30870-190 Belo Horizonte - MG.",(31) 34713952,Estadual,Não Informado,Não,Sim,Entre 201 e 500 matrículas de escolarização,Ensino Fundamental,"Atendimento Educacional Especializado, Atividade Complementar",-19.907774,-44.0054719
ESCOLA EM FUNCIONAMENTO E SEM RESTRIÇÃO DE ATENDIMENTO,EE PROFESSOR LEOPOLDO DE MIRANDA,31001261,MG,Belo Horizonte,Urbana,A escola não está em área de localização diferenciada,Pública,"RUA BARAO DE MACAUBAS, 449 SANTO ANTONIO. 30350-090 Belo Horizonte - MG.",(31) 32963398,Estadual,Não Informado,Não,Sim,Entre 501 e 1000 matrículas de escolarização,Ensino Médio,,-19.9393786,-43.9473856
ESCOLA EM FUNCIONAMENTO E SEM RESTRIÇÃO DE ATENDIMENTO,EE OLIMPIA REZENDE PEREIRA,31001279,MG,Belo Horizonte,Urbana,A escola não está em área de localização diferenciada,Pública,"RUA LINDOLFO DEODORO, 84 JARDIM AMERICA. 30550-006 Belo Horizonte - MG.",(31) 33733434,Estadual,Não Informado,Não,Sim,Entre 201 e 500 matrículas de escolarização,Ensino Fundamental,,-19.9395724,-43.9791072
ESCOLA EM FUNCIONAMENTO E SEM RESTRIÇÃO DE ATENDIMENTO,EE LAUDIEME VAZ DE MELO,31001295,MG,Belo Horizonte,Urbana,A escola não está em área de localização diferenciada,Pública,"RUA CAMILO PRATES, 238 UNIAO. 31170-490 Belo Horizonte - MG.",(31) 33277379,Estadual,Não Informado,Não,Sim,Entre 201 e 500 matrículas de escolarização,"Ensino Fundamental, Ensino Médio","Atendimento Educacional Especializado, Atividade Complementar",-19.8826399,-43.9184957
ESCOLA EM FUNCIONAMENTO E SEM RESTRIÇÃO DE ATENDIMENTO,EE PROFESSORA MARIA DO SOCORRO ANDRADE,31001309,MG,Belo Horizonte,Urbana,A escola não está em área de localização diferenciada,Pública,"RUA ALEXANDRE MATIAS ALVES, 290 BECO SANTA ROSA. NOVA CINTRA. 30516-210 Belo Horizonte - MG.",(31) 33121001,Estadual,Não Informado,Não,Sim,Entre 201 e 500 matrículas de escolarização,"Ensino Médio, Educação Profissional, Educação de Jovens Adultos",,-19.9513286,-43.9876059
ESCOLA EM FUNCIONAMENTO E SEM RESTRIÇÃO DE ATENDIMENTO,EE CORACAO EUCARISTICO,31001317,MG,Belo Horizonte,Urbana,A escola não está em área de localização diferenciada,Pública,"RUA ARCOS, 410 VERA CRUZ. 30285-100 Belo Horizonte - MG.",(31) 34831094,Estadual,Não Informado,Não,Sim,Entre 201 e 500 matrículas de escolarização,"Ensino Médio, Educação de Jovens Adultos",,-19.91192,-43.89771
ESCOLA EM FUNCIONAMENTO E SEM RESTRIÇÃO DE ATENDIMENTO,EE ELISEU LABORNE E VALE,31001325,MG,Belo Horizonte,Urbana,A escola não está em área de localização diferenciada,Pública,"AVENIDA PANDIA CALOGERAS, 0 JARDIM MONTANHES. 30750-130 Belo Horizonte - MG.",(31) 34621882,Estadual,Não Informado,Não,Sim,Entre 201 e 500 matrículas de escolarização,"Ensino Fundamental, Ensino Médio",Atendimento Educacional Especializado,-19.905708,-43.9835808
ESCOLA EM FUNCIONAMENTO E SEM RESTRIÇÃO DE ATENDIMENTO,EE LAURA DAS CHAGAS FERREIRA,31001333,MG,Belo Horizonte,Urbana,A escola não está em área de localização diferenciada,Pública,"RUA SACRAMENTO, 54 SERRA. 30220-420 Belo Horizonte - MG.",(31) 32254175,Estadual,Não Informado,Não,Sim,Entre 501 e 1000 matrículas de escolarização,"Ensino Fundamental, Ensino Médio, Educação Profissional, Educação de Jovens Adultos",Atividade Complementar,-19.9381332,-43.9114404
ESCOLA EM FUNCIONAMENTO E SEM RESTRIÇÃO DE ATENDIMENTO,EE OLIVIA PINTO DE CASTRO LEITE,31001350,MG,Belo Horizonte,Urbana,A escola não está em área de localização diferenciada,Pública,"RUA GUACIRA, 92 NOVO GLORIA. 30865-040 Belo Horizonte - MG.",(31) 34731499,Estadual,Não Informado,Não,Sim,Entre 501 e 1000 matrículas de escolarização,Ensino Fundamental,,-19.9077063,-44.0191994
ESCOLA EM FUNCIONAMENTO E SEM RESTRIÇÃO DE ATENDIMENTO,COLEGIO TIRADENTES PMMG - UNIDADE ARGENTINO MADEIRA,31001368,MG,Belo Horizonte,Urbana,A escola não está em área de localização diferenciada,Pública,"PRACA DUQUE DE CAXIAS, S/N SANTA TEREZA. 31010-230 Belo Horizonte - MG.",(31) 33070623,Estadual,Não Informado,Não,Sim,Mais de 1000 matrículas de escolarização,"Ensino Fundamental, Ensino Médio",,-19.91563,-43.91746
ESCOLA EM FUNCIONAMENTO E SEM RESTRIÇÃO DE ATENDIMENTO,EE LUCIO DOS SANTOS,31001376,MG,Belo Horizonte,Urbana,A escola não está em área de localização diferenciada,Pública,"RUA PADRE EUSTAQUIO, 16 CARLOS PRATES. 30710-580 Belo Horizonte - MG.",(31) 32013933,Estadual,Não Informado,Não,Sim,Entre 51 e 200 matrículas de escolarização,"Ensino Fundamental, Ensino Médio",,-19.9147363,-43.9541905
ESCOLA EM FUNCIONAMENTO E SEM RESTRIÇÃO DE ATENDIMENTO,EE BOLIVAR TINOCO MINEIRO,31001384,MG,Belo Horizonte,Urbana,A escola não está em área de localização diferenciada,Pública,"RUA DIVINO ESPIRITO SANTO, 40 RIBEIRO DE ABREU. 31870-590 Belo Horizonte - MG.",(31) 34341094,Estadual,Não Informado,Não,Sim,Mais de 1000 matrículas de escolarização,"Ensino Fundamental, Ensino Médio, Educação Profissional, Educação de Jovens Adultos",Atendimento Educacional Especializado,-19.835021,-43.9057374
ESCOLA EM FUNCIONAMENTO E SEM RESTRIÇÃO DE ATENDIMENTO,EE CORONEL JUCA PINTO,31001392,MG,Belo Horizonte,Urbana,A escola não está em área de localização diferenciada,Pública,"AVENIDA BUENO SIQUEIRA, 180 UNIVERSITARIO. 31255-450 Belo Horizonte - MG.",(31) 34922277,Estadual,Não Informado,Não,Sim,Entre 201 e 500 matrículas de escolarização,"Ensino Fundamental, Ensino Médio, Educação Profissional, Educação de Jovens Adultos",,-19.8666983,-43.943942
ESCOLA EM FUNCIONAMENTO E SEM RESTRIÇÃO DE ATENDIMENTO,EE ENGENHEIRO FRANCISCO BICALHO,31001406,MG,Belo Horizonte,Urbana,A escola não está em área de localização diferenciada,Pública,"AVENIDA OLINTO MEIRELES, 2632 BARREIRO DE CIMA. 30620-330 Belo Horizonte - MG.",(31) 33836869,Estadual,Não Informado,Não,Sim,Mais de 1000 matrículas de escolarização,"Ensino Fundamental, Ensino Médio, Educação de Jovens Adultos",Atividade Complementar,-19.9934455,-44.0072826
ESCOLA EM FUNCIONAMENTO E SEM RESTRIÇÃO DE ATENDIMENTO,EE LUIZ DE BESSA,31001414,MG,Belo Horizonte,Urbana,A escola não está em área de localização diferenciada,Pública,"RUA ASA BRANCA, 103 GOIANIA. 31950-120 Belo Horizonte - MG.",(31) 39501122,Estadual,Não Informado,Não,Sim,Entre 201 e 500 matrículas de escolarização,"Ensino Médio, Educação Profissional, Educação de Jovens Adultos",,-19.87085,-43.90054
ESCOLA EM FUNCIONAMENTO E SEM RESTRIÇÃO DE ATENDIMENTO,EE PROFESSOR MAGALHAES DRUMOND,31001422,MG,Belo Horizonte,Urbana,A escola não está em área de localização diferenciada,Pública,"RUA FERNANDO ALVES, 260 NOVA CINTRA. 30516-080 Belo Horizonte - MG.",(31) 33121119,Estadual,Não Informado,Não,Sim,Entre 201 e 500 matrículas de escolarização,Ensino Fundamental,,-19.9513412,-43.9885932
ESCOLA EM FUNCIONAMENTO E SEM RESTRIÇÃO DE ATENDIMENTO,EE ONDINA AMARAL BRANDAO,31001431,MG,Belo Horizonte,Urbana,A escola não está em área de localização diferenciada,Pública,"RUA CASA BRANCA, 40 POMPEIA. 30280-390 Belo Horizonte - MG.",(31) 35824048,Estadual,Não Informado,Não,Sim,Entre 201 e 500 matrículas de escolarização,Ensino Fundamental,Atendimento Educacional Especializado,-19.9094547,-43.9028704
ESCOLA EM FUNCIONAMENTO E SEM RESTRIÇÃO DE ATENDIMENTO,EE TITO FULGENCIO,31001449,MG,Belo Horizonte,Urbana,A escola não está em área de localização diferenciada,Pública,"RUA JACUI, 2357 RENASCENCA. 31140-650 Belo Horizonte - MG.",(31) 34223306,Estadual,Não Informado,Não,Sim,Entre 51 e 200 matrículas de escolarização,"Ensino Fundamental, Ensino Médio",Atividade Complementar,-19.8928184,-43.9366076
ESCOLA EM FUNCIONAMENTO E SEM RESTRIÇÃO DE ATENDIMENTO,EE MADRE CARMELITA,31001457,MG,Belo Horizonte,Urbana,A escola não está em área de localização diferenciada,Pública,"AVENIDA ANTONIO FRANCISCO LISBOA, 500 BANDEIRANTES. 31365-770 Belo Horizonte - MG.",(31) 34411079,Estadual,Não Informado,Não,Sim,Mais de 1000 matrículas de escolarização,"Ensino Fundamental, Ensino Médio, Educação de Jovens Adultos",,-19.8584111,-44.0024057
ESCOLA EM FUNCIONAMENTO E SEM RESTRIÇÃO DE ATENDIMENTO,EE PROFESSORA MARIA AUXILIADORA LANNA,31001465,MG,Belo Horizonte,Urbana,A escola não está em área de localização diferenciada,Pública,"RUA RUTILO, 31 PINDORAMA. 30880-600 Belo Horizonte - MG.",(31) 34733003,Estadual,Não Informado,Não,Sim,Entre 201 e 500 matrículas de escolarização,Ensino Fundamental,Atividade Complementar,-19.90915014,-44.02194489
ESCOLA EM FUNCIONAMENTO E SEM RESTRIÇÃO DE ATENDIMENTO,EE CORONEL VICENTE TORRES JUNIOR,31001473,MG,Belo Horizonte,Urbana,A escola não está em área de localização diferenciada,Pública,"RUA LEOPOLDO GOMES, 1302 VERA CRUZ. 30285-310 Belo Horizonte - MG.",(31) 34831215,Estadual,Não Informado,Não,Sim,Entre 201 e 500 matrículas de escolarização,Ensino Fundamental,"Atendimento Educacional Especializado, Atividade Complementar",-19.910685,-43.8956
ESCOLA EM FUNCIONAMENTO E SEM RESTRIÇÃO DE ATENDIMENTO,EE ENGENHEIRO PRADO LOPES,31001481,MG,Belo Horizonte,Urbana,A escola não está em área de localização diferenciada,Pública,"RUA ITAGUA, 320 ALTO VERA CRUZ. 30285-260 Belo Horizonte - MG.",(31) 34831300,Estadual,Não Informado,Não,Sim,Entre 501 e 1000 matrículas de escolarização,"Ensino Fundamental, Ensino Médio, Educação Profissional, Educação de Jovens Adultos",Atendimento Educacional Especializado,-19.9043458,-43.8914805
ESCOLA EM FUNCIONAMENTO E SEM RESTRIÇÃO DE ATENDIMENTO,EE MAESTRO VILLA LOBOS,31001490,MG,Belo Horizonte,Urbana,A escola não está em área de localização diferenciada,Pública,"RUA OURO PRETO, 1144 SANTO AGOSTINHO. 30170-041 Belo Horizonte - MG.",(31) 33352587,Estadual,Não Informado,Não,Sim,Entre 501 e 1000 matrículas de escolarização,Ensino Médio,,-19.9285281,-43.9524087
ESCOLA EM FUNCIONAMENTO E SEM RESTRIÇÃO DE ATENDIMENTO,EE PROFESSOR MORAIS,31001503,MG,Belo Horizonte,Urbana,A escola não está em área de localização diferenciada,Pública,"RUA CORNELIO CERQUEIRA, 475 PADRE EUSTAQUIO. 30730-482 Belo Horizonte - MG.",(31) 34112186,Estadual,Não Informado,Não,Sim,Mais de 1000 matrículas de escolarização,"Ensino Médio, Educação de Jovens Adultos",,-19.9134425,-43.9874399
ESCOLA EM FUNCIONAMENTO E SEM RESTRIÇÃO DE ATENDIMENTO,EE ORDEM E PROGRESSO,31001511,MG,Belo Horizonte,Urbana,A escola não está em área de localização diferenciada,Pública,"RUA OSCAR NEGRAO DE LIMA, 29 NOVA GAMELEIRA. 30510-210 Belo Horizonte - MG.",(31) 33723858,Estadual,Não Informado,Não,Sim,Mais de 1000 matrículas de escolarização,"Ensino Fundamental, Ensino Médio",,-19.9381504,-43.9961002
ESCOLA EM FUNCIONAMENTO E SEM RESTRIÇÃO DE ATENDIMENTO,EE TOMAS BRANDAO,31001520,MG,Belo Horizonte,Urbana,A escola não está em área de localização diferenciada,Pública,"PRACA SENHOR BOM JESUS, 134 BOM JESUS. 31230-620 Belo Horizonte - MG.",(31) 34217563,Estadual,Não Informado,Não,Sim,Entre 201 e 500 matrículas de escolarização,Ensino Fundamental,Atividade Complementar,-19.896655,-43.9550637
ESCOLA EM FUNCIONAMENTO E SEM RESTRIÇÃO DE ATENDIMENTO,EE ARTUR JOVIANO,31001546,MG,Belo Horizonte,Urbana,A escola não está em área de localização diferenciada,Pública,"RUA EUCLASIO, 201 SANTA EFIGENIA. 30260-220 Belo Horizonte - MG.",(31) 34610522,Estadual,Não Informado,Não,Sim,Entre 201 e 500 matrículas de escolarização,Ensino Fundamental,,-19.92372,-43.91434
ESCOLA EM FUNCIONAMENTO E SEM RESTRIÇÃO DE ATENDIMENTO,EE CRISTIANO MACHADO,31001554,MG,Belo Horizonte,Urbana,A escola não está em área de localização diferenciada,Pública,"RUA FRANCISCO BICALHO, 71 PADRE EUSTAQUIO. 30720-412 Belo Horizonte - MG.",(31) 34124939,Estadual,Não Informado,Não,Sim,Entre 51 e 200 matrículas de escolarização,"Ensino Fundamental, Ensino Médio, Educação Profissional",,-19.9227017,-43.9775801
ESCOLA EM FUNCIONAMENTO E SEM RESTRIÇÃO DE ATENDIMENTO,EE ENGENHEIRO SILVIO FONSECA,31001562,MG,Belo Horizonte,Urbana,A escola não está em área de localização diferenciada,Pública,"RUA SIMAO PEREIRA, 60 NOVA VISTA. 31070-220 Belo Horizonte - MG.",(31) 34857767,Estadual,Não Informado,Não,Sim,Entre 201 e 500 matrículas de escolarização,Ensino Fundamental,Atendimento Educacional Especializado,-19.88861,-43.89836
ESCOLA EM FUNCIONAMENTO E SEM RESTRIÇÃO DE ATENDIMENTO,EE PADRE EUSTAQUIO,31001571,MG,Belo Horizonte,Urbana,A escola não está em área de localização diferenciada,Pública,"RUA CESARIO ALVIM, 927 PADRE EUSTAQUIO. 30720-270 Belo Horizonte - MG.",(31) 34628050,Estadual,Não Informado,Não,Sim,Entre 501 e 1000 matrículas de escolarização,Ensino Fundamental,Atendimento Educacional Especializado,-19.92111,-43.97467
ESCOLA EM FUNCIONAMENTO E SEM RESTRIÇÃO DE ATENDIMENTO,EE PROFESSOR PEDRO ALEIXO,31001589,MG,Belo Horizonte,Urbana,A escola não está em área de localização diferenciada,Pública,"AVENIDA BANDEIRANTES, 2300 MANGABEIRAS. 30210-420 Belo Horizonte - MG.",(31) 32216930,Estadual,Não Informado,Não,Sim,Entre 201 e 500 matrículas de escolarização,"Ensino Médio, Educação de Jovens Adultos",,-19.9468591,-43.9175594
ESCOLA EM FUNCIONAMENTO E SEM RESTRIÇÃO DE ATENDIMENTO,EE ELPIDIO ARISTIDES DE FREITAS,31001597,MG,Belo Horizonte,Urbana,A escola não está em área de localização diferenciada,Pública,"RUA MARIA ANTONIA FRAGOLA, 50 CAMARGOS. 30520-270 Belo Horizonte - MG.",(31) 35681730,Estadual,Não Informado,Não,Sim,Entre 201 e 500 matrículas de escolarização,"Ensino Fundamental, Ensino Médio",,-19.9425815,-44.0155957
ESCOLA EM FUNCIONAMENTO E SEM RESTRIÇÃO DE ATENDIMENTO,EE URSULINA DE ANDRADE MELO,31001601,MG,Belo Horizonte,Urbana,A escola não está em área de localização diferenciada,Pública,"RUA FLOR DE VIDRO, 251 JARDIM ALVORADA. 30810-330 Belo Horizonte - MG.",(31) 34182783,Estadual,Não Informado,Não,Sim,Entre 501 e 1000 matrículas de escolarização,"Ensino Fundamental, Ensino Médio",Atividade Complementar,-19.899395,-43.9911854
ESCOLA EM FUNCIONAMENTO E SEM RESTRIÇÃO DE ATENDIMENTO,EE PADRE JOAO BOTELHO,31001619,MG,Belo Horizonte,Urbana,A escola não está em área de localização diferenciada,Pública,"RUA MARIA DE LOURDES MANSO, 81 INDUSTRIAS. 30610-620 Belo Horizonte - MG.",(31) 33831908,Estadual,Não Informado,Não,Sim,Entre 501 e 1000 matrículas de escolarização,"Ensino Fundamental, Ensino Médio, Educação Profissional, Educação de Jovens Adultos",Atividade Complementar,-19.96403632,-44.00113277
ESCOLA EM FUNCIONAMENTO E SEM RESTRIÇÃO DE ATENDIMENTO,EE ASSIS CHATEAUBRIAND,31001627,MG,Belo Horizonte,Urbana,A escola não está em área de localização diferenciada,Pública,"RUA MARZAGANIA, 289 BOA VISTA. 31060-310 Belo Horizonte - MG.",(31) 34850031,Estadual,Não Informado,Não,Sim,Mais de 1000 matrículas de escolarização,"Ensino Fundamental, Ensino Médio","Atendimento Educacional Especializado, Atividade Complementar",-19.8926077,-43.9048886
ESCOLA EM FUNCIONAMENTO E SEM RESTRIÇÃO DE ATENDIMENTO,EE CAMINHO A LUZ,31001651,MG,Belo Horizonte,Urbana,A escola não está em área de localização diferenciada,Pública,"RUA CRAVINAS, 537 ESPLANADA. 30280-170 Belo Horizonte - MG.",(31) 34611059,Estadual,Não Informado,Não,Sim,Entre 501 e 1000 matrículas de escolarização,"Ensino Fundamental, Ensino Médio",Atividade Complementar,-19.90442,-43.90281
ESCOLA EM FUNCIONAMENTO E SEM RESTRIÇÃO DE ATENDIMENTO,EE PROFESSOR ANTONIO JOSE RIBEIRO FILHO,31001678,MG,Belo Horizonte,Urbana,A escola não está em área de localização diferenciada,Pública,"RUA AMARAJI, 182 SAO GABRIEL. 31985-000 Belo Horizonte - MG.",(31) 34931441,Estadual,Não Informado,Não,Sim,Entre 501 e 1000 matrículas de escolarização,Ensino Fundamental,Atividade Complementar,-19.8552964,-43.9082834
ESCOLA EM FUNCIONAMENTO E SEM RESTRIÇÃO DE ATENDIMENTO,EE WALT DISNEY,31001686,MG,Belo Horizonte,Urbana,A escola não está em área de localização diferenciada,Pública,"RUA RAUL DE BRITO, 9 CASA BRANCA. 31050-070 Belo Horizonte - MG.",(31) 34873878,Estadual,Não Informado,Não,Sim,Entre 201 e 500 matrículas de escolarização,"Ensino Médio, Educação Profissional, Educação de Jovens Adultos",,-19.8951338,-43.8883806
ESCOLA EM FUNCIONAMENTO E SEM RESTRIÇÃO DE ATENDIMENTO,EE PADRE MATIAS,31001694,MG,Belo Horizonte,Urbana,A escola não está em área de localização diferenciada,Pública,"RUA CELIA COSTA, 31 GLORIA. 30870-150 Belo Horizonte - MG.",(31) 34741258,Estadual,Não Informado,Não,Sim,Entre 501 e 1000 matrículas de escolarização,"Ensino Fundamental, Ensino Médio, Educação de Jovens Adultos",Atividade Complementar,-19.9028587,-44.0068946
ESCOLA EM FUNCIONAMENTO E SEM RESTRIÇÃO DE ATENDIMENTO,EE ASSIS DAS CHAGAS,31001708,MG,Belo Horizonte,Urbana,A escola não está em área de localização diferenciada,Pública,"PRACA DA COMUNIDADE, 165 DOM CABRAL. 30535-210 Belo Horizonte - MG.",(31) 33723263,Estadual,Não Informado,Não,Sim,Entre 51 e 200 matrículas de escolarização,Ensino Fundamental,Atividade Complementar,-19.9224048,-43.9984548
ESCOLA EM FUNCIONAMENTO E SEM RESTRIÇÃO DE ATENDIMENTO,EE DOUTOR PAULO DINIZ CHAGAS,31001716,MG,Belo Horizonte,Urbana,A escola não está em área de localização diferenciada,Pública,"RUA CANDIDO DE SOUZA, 80 NOVA CINTRA. 30510-070 Belo Horizonte - MG.",(31) 33716506,Estadual,Não Informado,Não,Sim,Entre 51 e 200 matrículas de escolarização,"Ensino Fundamental, Ensino Médio",,-19.9317832,-43.9849297
ESCOLA EM FUNCIONAMENTO E SEM RESTRIÇÃO DE ATENDIMENTO,EE PANDIA CALOGERAS,31001732,MG,Belo Horizonte,Urbana,A escola não está em área de localização diferenciada,Pública,"PRACA CARLOS CHAGAS, 35 SANTO AGOSTINHO. 30170-020 Belo Horizonte - MG.",(31) 32925822,Estadual,Não Informado,Não,Sim,Mais de 1000 matrículas de escolarização,Ensino Fundamental,Atendimento Educacional Especializado,-19.9305136,-43.9482061
ESCOLA EM FUNCIONAMENTO E SEM RESTRIÇÃO DE ATENDIMENTO,EE PROFESSORA BENVINDA DE CARVALHO,31001741,MG,Belo Horizonte,Urbana,A escola não está em área de localização diferenciada,Pública,"RUA FLOR DE LIZ, 100 JARDIM ALVORADA. 30810-030 Belo Horizonte - MG.",(31) 34181011,Estadual,Não Informado,Não,Sim,Entre 501 e 1000 matrículas de escolarização,"Ensino Fundamental, Ensino Médio, Educação Profissional, Educação de Jovens Adultos",Atividade Complementar,-19.9023338,-43.9856953
ESCOLA EM FUNCIONAMENTO E SEM RESTRIÇÃO DE ATENDIMENTO,EE DESEMBARGADOR MARIO GONCALVES DE MATOS,31001759,MG,Belo Horizonte,Urbana,A escola não está em área de localização diferenciada,Pública,"PRACA DA CAPELA NOVA, 20 MINAS BRASIL. 30730-360 Belo Horizonte - MG.",(31) 34622715,Estadual,Não Informado,Não,Sim,Entre 201 e 500 matrículas de escolarização,Ensino Fundamental,Atividade Complementar,-19.9161448,-43.9920851
ESCOLA EM FUNCIONAMENTO E SEM RESTRIÇÃO DE ATENDIMENTO,EE DOUTOR JOSE DO PATROCINIO DA SILVA PONTES,31001767,MG,Belo Horizonte,Urbana,A escola não está em área de localização diferenciada,Pública,"RUA DOS CRUZEIRENSES, 15 MILIONARIOS. 30620-210 Belo Horizonte - MG.",(31) 33815801,Estadual,Não Informado,Não,Sim,Entre 501 e 1000 matrículas de escolarização,Ensino Fundamental,Atendimento Educacional Especializado,-19.98171916,-43.99966827
ESCOLA EM FUNCIONAMENTO E SEM RESTRIÇÃO DE ATENDIMENTO,EE AUGUSTO DE LIMA,31001783,MG,Belo Horizonte,Urbana,A escola não está em área de localização diferenciada,Pública,"AVENIDA DO CONTORNO, 4947 FUNCIONARIOS. 30110-031 Belo Horizonte - MG.",(31) 32213530,Estadual,Não Informado,Não,Sim,Entre 501 e 1000 matrículas de escolarização,"Ensino Fundamental, Ensino Médio, Educação de Jovens Adultos",,-19.937315,-43.9251967
ESCOLA EM FUNCIONAMENTO E SEM RESTRIÇÃO DE ATENDIMENTO,EE DESEMBARGADOR RODRIGUES CAMPOS,31001791,MG,Belo Horizonte,Urbana,A escola não está em área de localização diferenciada,Pública,"AVENIDA SINFRONIO BROCHADO, 355 BARREIRO DE BAIXO. 30640-000 Belo Horizonte - MG.",(31) 33311609,Estadual,Não Informado,Não,Sim,Mais de 1000 matrículas de escolarização,"Ensino Médio, Educação de Jovens Adultos",,-19.97614,-44.01581
ESCOLA EM FUNCIONAMENTO E SEM RESTRIÇÃO DE ATENDIMENTO,EE FLAVIO DOS SANTOS,31001805,MG,Belo Horizonte,Urbana,A escola não está em área de localização diferenciada,Pública,"RUA JACUI, 1131 CONCORDIA. 31110-050 Belo Horizonte - MG.",(31) 34215164,Estadual,Não Informado,Não,Sim,Entre 501 e 1000 matrículas de escolarização,"Ensino Fundamental, Ensino Médio, Educação de Jovens Adultos",Atividade Complementar,-19.9034416,-43.9329037
ESCOLA EM FUNCIONAMENTO E SEM RESTRIÇÃO DE ATENDIMENTO,EE PAULO DAS GRACAS DA SILVA,31001813,MG,Belo Horizonte,Urbana,A escola não está em área de localização diferenciada,Pública,"RUA SILVA REIS, 80 BOA VISTA. 31070-230 Belo Horizonte - MG.",(31) 34856855,Estadual,Não Informado,Não,Sim,Entre 501 e 1000 matrículas de escolarização,"Ensino Fundamental, Ensino Médio, Educação de Jovens Adultos",Atividade Complementar,-19.88894,-43.89652
ESCOLA EM FUNCIONAMENTO E SEM RESTRIÇÃO DE ATENDIMENTO,EE PROFESSORA MARIA AMELIA GUIMARAES,31001821,MG,Belo Horizonte,Urbana,A escola não está em área de localização diferenciada,Pública,"RUA AMARAL, 32 PIRAJA. 31910-330 Belo Horizonte - MG.",(31) 34862333,Estadual,Não Informado,Não,Sim,Entre 501 e 1000 matrículas de escolarização,"Ensino Fundamental, Ensino Médio, Educação Profissional, Educação de Jovens Adultos","Atendimento Educacional Especializado, Atividade Complementar",-19.8668239,-43.9183466
ESCOLA EM FUNCIONAMENTO E SEM RESTRIÇÃO DE ATENDIMENTO,EE DIOGO DE VASCONCELOS,31001830,MG,Belo Horizonte,Urbana,A escola não está em área de localização diferenciada,Pública,"RUA PROFESSOR LUIZ POMPEU, 30 DAS INDUSTRIAS. 30610-090 Belo Horizonte - MG.",(31) 33625600,Estadual,Não Informado,Não,Sim,Entre 201 e 500 matrículas de escolarização,"Ensino Fundamental, Ensino Médio",,-19.95567,-44.01056
ESCOLA EM FUNCIONAMENTO E SEM RESTRIÇÃO DE ATENDIMENTO,EE DOUTOR ANTONIO AUGUSTO SOARES CANEDO,31001848,MG,Belo Horizonte,Urbana,A escola não está em área de localização diferenciada,Pública,"RUA CAPIM BRANCO, 157 VISTA ALEGRE. 30518-020 Belo Horizonte - MG.",(31) 33861931,Estadual,Não Informado,Não,Sim,Entre 201 e 500 matrículas de escolarização,Ensino Fundamental,Atendimento Educacional Especializado,-19.95028279,-44.00121159
ESCOLA EM FUNCIONAMENTO E SEM RESTRIÇÃO DE ATENDIMENTO,EE GENERAL CARLOS LUIZ GUEDES,31001856,MG,Belo Horizonte,Urbana,A escola não está em área de localização diferenciada,Pública,"RUA TIRADENTES, 1153 LINDEIA. 30622-630 Belo Horizonte - MG.",(31) 33879292,Estadual,Não Informado,Não,Sim,Entre 201 e 500 matrículas de escolarização,Ensino Fundamental,,-19.974915,-44.04542333
ESCOLA EM FUNCIONAMENTO E SEM RESTRIÇÃO DE ATENDIMENTO,EE BARAO DE MACAUBAS,31001864,MG,Belo Horizonte,Urbana,A escola não está em área de localização diferenciada,Pública,"RUA DAVI CAMPISTA, 42 FLORESTA. 30150-090 Belo Horizonte - MG.",(31) 32223534,Estadual,Não Informado,Não,Sim,Mais de 1000 matrículas de escolarização,Ensino Fundamental,,-19.9162485,-43.9288101
ESCOLA EM FUNCIONAMENTO E SEM RESTRIÇÃO DE ATENDIMENTO,EE DIVINA PROVIDENCIA,31001872,MG,Belo Horizonte,Urbana,A escola não está em área de localização diferenciada,Pública,"RUA PROFESSORA RUTH PINA, 381 REGINA. 30692-180 Belo Horizonte - MG.",(31) 33853452,Estadual,Não Informado,Não,Sim,Entre 501 e 1000 matrículas de escolarização,"Ensino Fundamental, Ensino Médio",,-19.9816684,-44.0552769
ESCOLA EM FUNCIONAMENTO E SEM RESTRIÇÃO DE ATENDIMENTO,EE FRANCISCO MENEZES FILHO,31001881,MG,Belo Horizonte,Urbana,A escola não está em área de localização diferenciada,Pública,"RUA JOAO ANTONIO CARDOSO, 318 OURO PRETO. 31310-390 Belo Horizonte - MG.",(31) 34982530,Estadual,Não Informado,Não,Sim,Entre 501 e 1000 matrículas de escolarização,Ensino Médio,Atendimento Educacional Especializado,-19.87381667,-43.98300833
ESCOLA EM FUNCIONAMENTO E SEM RESTRIÇÃO DE ATENDIMENTO,EE PEDRO DUTRA,31001899,MG,Belo Horizonte,Urbana,A escola não está em área de localização diferenciada,Pública,"RUA HUMAITA, 1094 PADRE EUSTAQUIO. 30720-410 Belo Horizonte - MG.",(31) 25555875,Estadual,Não Informado,Não,Sim,Até 50 matrículas de escolarização,Ensino Fundamental,,-19.9206397,-43.9826035
ESCOLA EM FUNCIONAMENTO E SEM RESTRIÇÃO DE ATENDIMENTO,EE PROFESSORA MARIA BELMIRA TRINDADE,31001902,MG,Belo Horizonte,Urbana,A escola não está em área de localização diferenciada,Pública,"RUA CLEMENTINA DE JESUS, 99 BONSUCESSO. 30622-460 Belo Horizonte - MG.",(31) 33361041,Estadual,Não Informado,Não,Sim,Entre 501 e 1000 matrículas de escolarização,"Ensino Fundamental, Ensino Médio, Educação Profissional",Atividade Complementar,-19.98960579,-43.9893308
ESCOLA EM FUNCIONAMENTO E SEM RESTRIÇÃO DE ATENDIMENTO,EE ADALBERTO FERRAZ,31001911,MG,Belo Horizonte,Urbana,A escola não está em área de localização diferenciada,Pública,"RUA OPERARIO SILVA, 50 SAO GABRIEL. 31980-130 Belo Horizonte - MG.",(31) 34931749,Estadual,Não Informado,Não,Sim,Entre 201 e 500 matrículas de escolarização,Ensino Fundamental,"Atendimento Educacional Especializado, Atividade Complementar",-19.8573501,-43.9168874
ESCOLA EM FUNCIONAMENTO E SEM RESTRIÇÃO DE ATENDIMENTO,EE JOAO PAULO I,31001929,MG,Belo Horizonte,Urbana,A escola não está em área de localização diferenciada,Pública,"RUA SEBASTIAO RIBEIRO DE ARAUJO, 71 LINDEIA BARREIRO. 30692-267 Belo Horizonte - MG.",(31) 33824109,Estadual,Não Informado,Não,Sim,Entre 501 e 1000 matrículas de escolarização,"Ensino Fundamental, Ensino Médio, Educação Profissional, Educação de Jovens Adultos",Atendimento Educacional Especializado,-19.9864903,-44.053371
ESCOLA EM FUNCIONAMENTO E SEM RESTRIÇÃO DE ATENDIMENTO,EE PEDRO FRANCA,31001937,MG,Belo Horizonte,Urbana,A escola não está em área de localização diferenciada,Pública,"RUA UM, 705 OLHOS DAGUA. 30390-590 Belo Horizonte - MG.",(31) 32881295,Estadual,Não Informado,Não,Sim,Entre 501 e 1000 matrículas de escolarização,"Ensino Fundamental, Ensino Médio, Educação Profissional, Educação de Jovens Adultos",,-19.9936735,-43.9623052
ESCOLA EM FUNCIONAMENTO E SEM RESTRIÇÃO DE ATENDIMENTO,EE BARAO DO RIO BRANCO,31001945,MG,Belo Horizonte,Urbana,A escola não está em área de localização diferenciada,Pública,"AVENIDA GETULIO VARGAS, 1059 FUNCIONARIOS. 30112-020 Belo Horizonte - MG.",(31) 32213356,Estadual,Não Informado,Não,Sim,Entre 501 e 1000 matrículas de escolarização,Ensino Fundamental,Atividade Complementar,-19.9375114,-43.9333246
ESCOLA EM FUNCIONAMENTO E SEM RESTRIÇÃO DE ATENDIMENTO,EE GERALDO TEIXEIRA DA COSTA,31001953,MG,Belo Horizonte,Urbana,A escola não está em área de localização diferenciada,Pública,"RUA PADRE TIAGO DE ALMEIDA, 382 CAMARGOS. 30520-440 Belo Horizonte - MG.",(31) 33644562,Estadual,Não Informado,Não,Sim,Entre 201 e 500 matrículas de escolarização,Ensino Fundamental,,-19.938557,-44.0241533
ESCOLA EM FUNCIONAMENTO E SEM RESTRIÇÃO DE ATENDIMENTO,EE FRANCISCO SALES INSTITUTO DE DEFICIENCIA DA FALA E AUDICAO,31001961,MG,Belo Horizonte,Urbana,A escola não está em área de localização diferenciada,Pública,"RUA GUAJAJARAS, 1887 BARRO PRETO. 30180-101 Belo Horizonte - MG.",(31) 32954903,Estadual,Não Informado,Não,Sim,Entre 51 e 200 matrículas de escolarização,"Ensino Fundamental, Educação Profissional, Educação de Jovens Adultos","Atendimento Educacional Especializado, Atividade Complementar",-19.9227305,-43.9517749
ESCOLA EM FUNCIONAMENTO E SEM RESTRIÇÃO DE ATENDIMENTO,EE PEDRO II,31001970,MG,Belo Horizonte,Urbana,A escola não está em área de localização diferenciada,Pública,"AVENIDA PROFESSOR ALFREDO BALENA, 523 CENTRO. 30130-100 Belo Horizonte - MG.",(31) 34858668,Estadual,Não Informado,Não,Sim,Entre 501 e 1000 matrículas de escolarização,"Ensino Fundamental, Ensino Médio",,-19.9262927,-43.9304007
ESCOLA EM FUNCIONAMENTO E SEM RESTRIÇÃO DE ATENDIMENTO,EE PROFESSORA NAIR DE OLIVEIRA SANTANA,31001988,MG,Belo Horizonte,Urbana,A escola não está em área de localização diferenciada,Pública,"RUA CARLOS SCHETTINO, 735 NOVA GAMELEIRA. 30510-270 Belo Horizonte - MG.",(31) 33863335,Estadual,Não Informado,Não,Sim,Entre 201 e 500 matrículas de escolarização,"Ensino Fundamental, Ensino Médio, Educação de Jovens Adultos",Atividade Complementar,-19.94337206,-43.99752459
ESCOLA EM FUNCIONAMENTO E SEM RESTRIÇÃO DE ATENDIMENTO,INSTITUTO DE EDUCACAO DE MINAS GERAIS,31001996,MG,Belo Horizonte,Urbana,A escola não está em área de localização diferenciada,Pública,"RUA PERNAMBUCO, 47 ANDAR. FUNCIONARIOS. 30130-150 Belo Horizonte - MG.",(31) 32737511,Estadual,Não Informado,Não,Sim,Mais de 1000 matrículas de escolarização,"Ensino Fundamental, Ensino Médio, Educação Profissional, Educação de Jovens Adultos","Atendimento Educacional Especializado, Atividade Complementar",-19.9277594,-43.9325904
ESCOLA EM FUNCIONAMENTO E SEM RESTRIÇÃO DE ATENDIMENTO,EE BENJAMIM GUIMARAES,31002003,MG,Belo Horizonte,Urbana,A escola não está em área de localização diferenciada,Pública,"RUA ITAPAGIPE, 622 CONCORDIA. 31110-590 Belo Horizonte - MG.",(31) 34444863,Estadual,Não Informado,Não,Sim,Entre 51 e 200 matrículas de escolarização,Ensino Fundamental,Atendimento Educacional Especializado,-19.9026258,-43.93484
ESCOLA EM FUNCIONAMENTO E SEM RESTRIÇÃO DE ATENDIMENTO,EE GERALDINA SOARES,31002011,MG,Belo Horizonte,Urbana,A escola não está em área de localização diferenciada,Pública,"RUA BONINAS, 517 ESPLANADA. 30280-220 Belo Horizonte - MG.",(31) 34611744,Estadual,Não Informado,Não,Sim,Entre 201 e 500 matrículas de escolarização,Ensino Fundamental,"Atendimento Educacional Especializado, Atividade Complementar",-19.90605,-43.90489
ESCOLA EM FUNCIONAMENTO E SEM RESTRIÇÃO DE ATENDIMENTO,EE PROFESSOR RICARDO DE SOUZA CRUZ,31002020,MG,Belo Horizonte,Urbana,A escola não está em área de localização diferenciada,Pública,"RUA GONCALO LACO, 120 NOVA ESPERANCA. 31230-350 Belo Horizonte - MG.",(31) 34117010,Estadual,Não Informado,Não,Sim,Entre 201 e 500 matrículas de escolarização,"Ensino Fundamental, Ensino Médio, Educação Profissional, Educação de Jovens Adultos",Atividade Complementar,-19.9028371,-43.9591202
ESCOLA EM FUNCIONAMENTO E SEM RESTRIÇÃO DE ATENDIMENTO,EE GERALDO JARDIM LINHARES,31002054,MG,Belo Horizonte,Urbana,A escola não está em área de localização diferenciada,Pública,"RUA JAYME SALES, 278 MADRE GERTRUDES. 30518-320 Belo Horizonte - MG.",(31) 33862485,Estadual,Não Informado,Não,Sim,Entre 201 e 500 matrículas de escolarização,"Ensino Médio, Educação Profissional, Educação de Jovens Adultos",,-19.9492344,-44.00634164
ESCOLA EM FUNCIONAMENTO E SEM RESTRIÇÃO DE ATENDIMENTO,EE ISABEL DA SILVA POLCK,31002071,MG,Belo Horizonte,Urbana,A escola não está em área de localização diferenciada,Pública,"RUA NELSON LEMOS DE CARVALHO, 198 PALMARES. 31160-590 Belo Horizonte - MG.",(31) 34266113,Estadual,Não Informado,Não,Sim,Mais de 1000 matrículas de escolarização,"Ensino Fundamental, Ensino Médio",,-19.8710252,-43.93032
ESCOLA EM FUNCIONAMENTO E SEM RESTRIÇÃO DE ATENDIMENTO,EE BERNARDO MONTEIRO,31002089,MG,Belo Horizonte,Urbana,A escola não está em área de localização diferenciada,Pública,"PRACA DOUTOR CARLOS MARQUES, 0 CALAFATE. 30411-320 Belo Horizonte - MG.",(31) 33716259,Estadual,Não Informado,Não,Sim,Entre 51 e 200 matrículas de escolarização,"Ensino Fundamental, Ensino Médio, Educação Profissional",,-19.92380887,-43.96824148
ESCOLA EM FUNCIONAMENTO E SEM RESTRIÇÃO DE ATENDIMENTO,EE SAGRADA FAMILIA I,31002101,MG,Belo Horizonte,Urbana,A escola não está em área de localização diferenciada,Pública,"AVENIDA AMALIA, 258 NOVA VISTA. 31070-290 Belo Horizonte - MG.",(31) 34850075,Estadual,Não Informado,Não,Sim,Entre 201 e 500 matrículas de escolarização,Ensino Fundamental,,-19.88568932,-43.89360753
ESCOLA EM FUNCIONAMENTO E SEM RESTRIÇÃO DE ATENDIMENTO,EE BRITALDO SOARES FERREIRA DINIZ,31002127,MG,Belo Horizonte,Urbana,A escola não está em área de localização diferenciada,Pública,"RUA PIRACEMA, 331 SUZANA. 31260-430 Belo Horizonte - MG.",(31) 38898977,Estadual,Não Informado,Não,Sim,Entre 51 e 200 matrículas de escolarização,Ensino Fundamental,Atendimento Educacional Especializado,-19.86342,-43.93406
ESCOLA EM FUNCIONAMENTO E SEM RESTRIÇÃO DE ATENDIMENTO,EE GOVERNADOR MILTON CAMPOS,31002135,MG,Belo Horizonte,Urbana,A escola não está em área de localização diferenciada,Pública,"RUA FERNANDES TOURINHO, 1020 SANTO ANTONIO. 30112-000 Belo Horizonte - MG.",(31) 32238932,Estadual,Não Informado,Não,Sim,Entre 201 e 500 matrículas de escolarização,"Ensino Médio, Educação Profissional",,-19.93712,-43.94447
ESCOLA EM FUNCIONAMENTO E SEM RESTRIÇÃO DE ATENDIMENTO,EE SAGRADA FAMILIA II,31002143,MG,Belo Horizonte,Urbana,A escola não está em área de localização diferenciada,Pública,"RUA CELIA DE SOUZA, 600 SAGRADA FAMILIA. 31030-500 Belo Horizonte - MG.",(31) 34828741,Estadual,Não Informado,Não,Sim,Entre 501 e 1000 matrículas de escolarização,"Ensino Fundamental, Ensino Médio",Atividade Complementar,-19.90545,-43.92544
ESCOLA EM FUNCIONAMENTO E SEM RESTRIÇÃO DE ATENDIMENTO,EE PADRE JOAO BOSCO PENIDO BURNIER,31002151,MG,Belo Horizonte,Urbana,A escola não está em área de localização diferenciada,Pública,"RUA DAS PERPETUAS, 79 LINDEIA. 30690-270 Belo Horizonte - MG.",(31) 33879077,Estadual,Não Informado,Não,Sim,Entre 501 e 1000 matrículas de escolarização,"Ensino Fundamental, Ensino Médio, Educação de Jovens Adultos",,-19.9743704,-44.0471324
ESCOLA EM FUNCIONAMENTO E SEM RESTRIÇÃO DE ATENDIMENTO,EE SANDOVAL DE AZEVEDO,31002186,MG,Belo Horizonte,Urbana,A escola não está em área de localização diferenciada,Pública,"RUA POUSO ALEGRE, 2382 SANTA TEREZA. 31010-514 Belo Horizonte - MG.",(31) 34611106,Estadual,Não Informado,Não,Sim,Entre 501 e 1000 matrículas de escolarização,Ensino Fundamental,,-19.91207,-43.91756
ESCOLA EM FUNCIONAMENTO E SEM RESTRIÇÃO DE ATENDIMENTO,EE PROFESSORA MARIA CECILIA DE MELO,31002194,MG,Belo Horizonte,Urbana,A escola não está em área de localização diferenciada,Pública,"RUA MARIA JOANA TAVARES, 71 GOIANIA. 31950-090 Belo Horizonte - MG.",(31) 34862344,Estadual,Não Informado,Não,Sim,Entre 201 e 500 matrículas de escolarização,Ensino Fundamental,,-19.87324,-43.8987
ESCOLA EM FUNCIONAMENTO E SEM RESTRIÇÃO DE ATENDIMENTO,EE MENINO JESUS DE PRAGA,31002208,MG,Belo Horizonte,Urbana,A escola não está em área de localização diferenciada,Pública,"RUA JOSE SABINO MACIEL, 290 LAGOA. 31578-060 Belo Horizonte - MG.",(31) 34595587,Estadual,Não Informado,Não,Sim,Mais de 1000 matrículas de escolarização,"Ensino Fundamental, Ensino Médio",Atendimento Educacional Especializado,-19.8105221,-43.9998605
ESCOLA EM FUNCIONAMENTO E SEM RESTRIÇÃO DE ATENDIMENTO,EE ANTENOR PESSOA,31002216,MG,Belo Horizonte,Urbana,A escola não está em área de localização diferenciada,Pública,"RUA SESSENTA E OITO, 154 JARDIM DOS COMERCIARIOS. 31650-095 Belo Horizonte - MG.",(31) 34550344,Estadual,Não Informado,Não,Sim,Entre 501 e 1000 matrículas de escolarização,"Ensino Fundamental, Ensino Médio, Educação de Jovens Adultos",,-19.7865119,-43.9703505
ESCOLA EM FUNCIONAMENTO E SEM RESTRIÇÃO DE ATENDIMENTO,EE PADRE LEBRET,31002224,MG,Belo Horizonte,Urbana,A escola não está em área de localização diferenciada,Pública,"RUA SAO BENEDITO, 123 SAO JOAO BATISTA. 31515-050 Belo Horizonte - MG.",(31) 34575731,Estadual,Não Informado,Não,Sim,Entre 201 e 500 matrículas de escolarização,Ensino Fundamental,Atendimento Educacional Especializado,-19.8186589,-43.9566919
ESCOLA EM FUNCIONAMENTO E SEM RESTRIÇÃO DE ATENDIMENTO,EE AFONSO PENA MASCARENHAS,31002232,MG,Belo Horizonte,Urbana,A escola não está em área de localização diferenciada,Pública,"RUA ODETE RODRIGUES DE OLIVEIRA, 180 JARDIM DOS COMERCIARIOS. 31640-065 Belo Horizonte - MG.",(31) 34586241,Estadual,Não Informado,Não,Sim,Entre 501 e 1000 matrículas de escolarização,Ensino Fundamental,,-19.7990338,-43.9744286
ESCOLA EM FUNCIONAMENTO E SEM RESTRIÇÃO DE ATENDIMENTO,EE PASCHOAL COMANDUCCI,31002241,MG,Belo Horizonte,Urbana,A escola não está em área de localização diferenciada,Pública,"RUA JOAO NASCIMENTO PIRES, 240 JAQUELINE. 31748-315 Belo Horizonte - MG.",(31) 34542585,Estadual,Não Informado,Não,Sim,Mais de 1000 matrículas de escolarização,"Ensino Fundamental, Ensino Médio, Educação de Jovens Adultos",,-19.80171,-43.93616
ESCOLA EM FUNCIONAMENTO E SEM RESTRIÇÃO DE ATENDIMENTO,EE AFRANIO DE MELO FRANCO,31002259,MG,Belo Horizonte,Urbana,A escola não está em área de localização diferenciada,Pública,"RUA DOS COMANCHES, 678 SANTA MONICA. 31530-250 Belo Horizonte - MG.",(31) 34522170,Estadual,Não Informado,Não,Sim,Entre 201 e 500 matrículas de escolarização,"Ensino Fundamental, Ensino Médio, Educação Profissional, Educação de Jovens Adultos",Atividade Complementar,-19.8285009,-43.982597
ESCOLA EM FUNCIONAMENTO E SEM RESTRIÇÃO DE ATENDIMENTO,EE PEDRO PAULO PENIDO,31002267,MG,Belo Horizonte,Urbana,A escola não está em área de localização diferenciada,Pública,"RUA RONAN SOARES, 40 FLORAMAR. 31840-380 Belo Horizonte - MG.",(31) 34346810,Estadual,Não Informado,Não,Sim,Entre 501 e 1000 matrículas de escolarização,Ensino Fundamental,,-19.8389239,-43.9308255
ESCOLA EM FUNCIONAMENTO E SEM RESTRIÇÃO DE ATENDIMENTO,EE PROFESSOR ALBERTO MAZONI ANDRADE,31002283,MG,Belo Horizonte,Urbana,A escola não está em área de localização diferenciada,Pública,"RUA OSCAR LOBO PEREIRA, 390 VILA MINASLANDIA. 31812-070 Belo Horizonte - MG.",(31) 39955820,Estadual,Não Informado,Não,Sim,Até 50 matrículas de escolarização,Ensino Fundamental,,-19.85910698,-43.92770958
ESCOLA EM FUNCIONAMENTO E SEM RESTRIÇÃO DE ATENDIMENTO,EE ANTONIO CLEMENTE,31002291,MG,Belo Horizonte,Urbana,A escola não está em área de localização diferenciada,Pública,"RUA DOUTOR BENEDITO XAVIER, 1975 AARAO REIS. 31810-540 Belo Horizonte - MG.",(31) 34451495,Estadual,Não Informado,Não,Sim,Entre 201 e 500 matrículas de escolarização,Ensino Fundamental,,-19.8475707,-43.9205373
ESCOLA EM FUNCIONAMENTO E SEM RESTRIÇÃO DE ATENDIMENTO,EE PROFESSOR BOLIVAR DE FREITAS,31002305,MG,Belo Horizonte,Urbana,A escola não está em área de localização diferenciada,Pública,"RUA JOSE PINTO DE MOURA, 395 JARDIM GUANABARA. 31742-324 Belo Horizonte - MG.",(31) 34353051,Estadual,Não Informado,Não,Sim,Entre 501 e 1000 matrículas de escolarização,"Ensino Fundamental, Ensino Médio, Educação de Jovens Adultos",,-19.8253917,-43.9366922
ESCOLA EM FUNCIONAMENTO E SEM RESTRIÇÃO DE ATENDIMENTO,EE ARI DA FRANCA,31002313,MG,Belo Horizonte,Urbana,A escola não está em área de localização diferenciada,Pública,"RUA MINISTRO OLIVEIRA SALAZAR, 1057 SANTA MONICA. 31520-400 Belo Horizonte - MG.",(31) 34521400,Estadual,Não Informado,Não,Sim,Mais de 1000 matrículas de escolarização,"Ensino Médio, Educação de Jovens Adultos",Atendimento Educacional Especializado,-19.8126879,-43.9774731
ESCOLA EM FUNCIONAMENTO E SEM RESTRIÇÃO DE ATENDIMENTO,EE PROFESSOR JOAO CAMARA,31002321,MG,Belo Horizonte,Urbana,A escola não está em área de localização diferenciada,Pública,"PRACA JOAO VIANA, 142 RIO BRANCO. 31530-580 Belo Horizonte - MG.",(31) 34523020,Estadual,Não Informado,Não,Sim,Entre 501 e 1000 matrículas de escolarização,Ensino Fundamental,,-19.8208417,-43.9806514
ESCOLA EM FUNCIONAMENTO E SEM RESTRIÇÃO DE ATENDIMENTO,EE SIRIA MARQUES DA SILVA,31002330,MG,Belo Horizonte,Urbana,A escola não está em área de localização diferenciada,Pública,"RUA INGLATERRA, 410 JARDIM LEBLON. 31540-360 Belo Horizonte - MG.",(31) 34523600,Estadual,Não Informado,Não,Sim,Entre 201 e 500 matrículas de escolarização,"Ensino Fundamental, Ensino Médio, Educação Profissional","Atendimento Educacional Especializado, Atividade Complementar",-19.82958751,-43.98687207
ESCOLA EM FUNCIONAMENTO E SEM RESTRIÇÃO DE ATENDIMENTO,EE PROFESSORA INES GERALDA DE OLIVEIRA,31002348,MG,Belo Horizonte,Urbana,A escola não está em área de localização diferenciada,Pública,"RUA MARIA MARTINS, 550 CELESTINO. 31744-590 Belo Horizonte - MG.",(31) 34542600,Estadual,Não Informado,Não,Sim,Mais de 1000 matrículas de escolarização,"Ensino Fundamental, Ensino Médio, Educação Profissional, Educação de Jovens Adultos","Atendimento Educacional Especializado, Atividade Complementar",-19.81574167,-43.94129667
ESCOLA EM FUNCIONAMENTO E SEM RESTRIÇÃO DE ATENDIMENTO,EE DEPUTADO ALVARO SALLES,31002356,MG,Belo Horizonte,Urbana,A escola não está em área de localização diferenciada,Pública,"RUA CARLOS LACERDA, 350 TREVO. 31545-170 Belo Horizonte - MG.",(31) 34966605,Estadual,Não Informado,Não,Sim,Mais de 1000 matrículas de escolarização,"Ensino Fundamental, Ensino Médio, Educação de Jovens Adultos",Atividade Complementar,-19.8356761,-44.011013
ESCOLA EM FUNCIONAMENTO E SEM RESTRIÇÃO DE ATENDIMENTO,EE SANTOS DUMONT,31002364,MG,Belo Horizonte,Urbana,A escola não está em área de localização diferenciada,Pública,"RUA ALCIDES LINS, 502 VENDA NOVA. 31510-030 Belo Horizonte - MG.",(31) 34514761,Estadual,Não Informado,Não,Sim,Mais de 1000 matrículas de escolarização,Ensino Médio,,-19.8172443,-43.9575952
ESCOLA EM FUNCIONAMENTO E SEM RESTRIÇÃO DE ATENDIMENTO,EE CELMAR BOTELHO DUARTE,31002372,MG,Belo Horizonte,Urbana,A escola não está em área de localização diferenciada,Pública,"RUA BELO ORIENTE, 845 PROVIDENCIA. 31814-100 Belo Horizonte - MG.",(31) 34333732,Estadual,Não Informado,Não,Sim,Entre 501 e 1000 matrículas de escolarização,Ensino Fundamental,,-19.8567177,-43.9244888
ESCOLA EM FUNCIONAMENTO E SEM RESTRIÇÃO DE ATENDIMENTO,EE SAO PEDRO E SAO PAULO,31002381,MG,Belo Horizonte,Urbana,A escola não está em área de localização diferenciada,Pública,"RUA ESTELA, 22 PIRATININGA. 31573-490 Belo Horizonte - MG.",(31) 34523185,Estadual,Não Informado,Não,Sim,Entre 201 e 500 matrículas de escolarização,Ensino Fundamental,,-19.81606,-43.9904
ESCOLA EM FUNCIONAMENTO E SEM RESTRIÇÃO DE ATENDIMENTO,EE ORONCIO MURGEL DUTRA,31002399,MG,Belo Horizonte,Urbana,A escola não está em área de localização diferenciada,Pública,"RUA SAO LUIZ, 401 SAO TOMAZ. 31741-125 Belo Horizonte - MG.",(31) 34279250,Estadual,Não Informado,Não,Sim,Entre 201 e 500 matrículas de escolarização,Ensino Fundamental,"Atendimento Educacional Especializado, Atividade Complementar",-19.8424057,-43.9517035
ESCOLA EM FUNCIONAMENTO E SEM RESTRIÇÃO DE ATENDIMENTO,EE TRES PODERES,31002402,MG,Belo Horizonte,Urbana,A escola não está em área de localização diferenciada,Pública,"AVENIDA PORTUGAL, 4095 ITAPOA. 31710-400 Belo Horizonte - MG.",(31) 34414067,Estadual,Não Informado,Não,Sim,Mais de 1000 matrículas de escolarização,"Ensino Fundamental, Ensino Médio, Educação de Jovens Adultos",,-19.84234697,-43.96352834
ESCOLA EM FUNCIONAMENTO E SEM RESTRIÇÃO DE ATENDIMENTO,EE DEPUTADO MANOEL COSTA,31002411,MG,Belo Horizonte,Urbana,A escola não está em área de localização diferenciada,Pública,"RUA HORACIO TERENA GUIMARAES, 495 CEU AZUL. 31585-000 Belo Horizonte - MG.",(31) 34961078,Estadual,Não Informado,Não,Sim,Mais de 1000 matrículas de escolarização,"Ensino Fundamental, Ensino Médio, Educação de Jovens Adultos","Atendimento Educacional Especializado, Atividade Complementar",-19.8263721,-44.0093901
ESCOLA EM FUNCIONAMENTO E SEM RESTRIÇÃO DE ATENDIMENTO,EE MARIA CAROLINA CAMPOS,31002429,MG,Belo Horizonte,Urbana,A escola não está em área de localização diferenciada,Pública,"RUA LARANJEIRAS, 30 LEBLON. 31575-040 Belo Horizonte - MG.",(31) 34561967,Estadual,Não Informado,Não,Sim,Mais de 1000 matrículas de escolarização,"Ensino Médio, Educação de Jovens Adultos",Atendimento Educacional Especializado,-19.8043105,-43.9923181
ESCOLA EM FUNCIONAMENTO E SEM RESTRIÇÃO DE ATENDIMENTO,EE DJANIRA RODRIGUES DE OLIVEIRA,31002437,MG,Belo Horizonte,Urbana,A escola não está em área de localização diferenciada,Pública,"RUA COSMES TORRES PIMENTA, 160 JARDIM DOS COMERCIARIOS. 31640-340 Belo Horizonte - MG.",(31) 34590471,Estadual,Não Informado,Não,Sim,Entre 501 e 1000 matrículas de escolarização,"Ensino Fundamental, Ensino Médio, Educação de Jovens Adultos","Atendimento Educacional Especializado, Atividade Complementar",                              ,                              
ESCOLA EM FUNCIONAMENTO E SEM RESTRIÇÃO DE ATENDIMENTO,EE PROFESSORA MARIA COUTINHO,31002445,MG,Belo Horizonte,Urbana,A escola não está em área de localização diferenciada,Pública,"RUA LUIZ GONZAGA DE SOUZA, 75 JAQUELINE. 31748-131 Belo Horizonte - MG.",(31) 30533690,Estadual,Não Informado,Não,Sim,Mais de 1000 matrículas de escolarização,"Ensino Fundamental, Ensino Médio","Atendimento Educacional Especializado, Atividade Complementar",-19.8045962,-43.9435377
ESCOLA EM FUNCIONAMENTO E SEM RESTRIÇÃO DE ATENDIMENTO,EE GERALDINA ANA GOMES,31002453,MG,Belo Horizonte,Urbana,A escola não está em área de localização diferenciada,Pública,"RUA GUERNICA, 275 JARDIM EUROPA. 31620-520 Belo Horizonte - MG.",(31) 35646091,Estadual,Não Informado,Não,Sim,Mais de 1000 matrículas de escolarização,"Ensino Fundamental, Ensino Médio, Educação de Jovens Adultos",,-19.8067843,-43.9673033
ESCOLA EM FUNCIONAMENTO E SEM RESTRIÇÃO DE ATENDIMENTO,EE PROFESSORA MARIA MUZZI GUASTAFERRO,31002461,MG,Belo Horizonte,Urbana,A escola não está em área de localização diferenciada,Pública,"RUA IRINEU PINTO, 255 VENDA NOVA. 31510-020 Belo Horizonte - MG.",(31) 34511663,Estadual,Não Informado,Não,Sim,Mais de 1000 matrículas de escolarização,"Ensino Fundamental, Ensino Médio, Educação Profissional, Educação de Jovens Adultos",Atividade Complementar,-19.8176451,-43.9583611
ESCOLA EM FUNCIONAMENTO E SEM RESTRIÇÃO DE ATENDIMENTO,EE DONATO WERNECK DE FREITAS,31002488,MG,Belo Horizonte,Urbana,A escola não está em área de localização diferenciada,Pública,"RUA ALCIDES DE SOUZA, 112 MINASLANDIA. 31810-350 Belo Horizonte - MG.",(31) 35676723,Estadual,Não Informado,Não,Sim,Entre 201 e 500 matrículas de escolarização,"Ensino Fundamental, Ensino Médio, Educação de Jovens Adultos",,-19.8549876,-43.9328768
ESCOLA EM FUNCIONAMENTO E SEM RESTRIÇÃO DE ATENDIMENTO,EE JOSE HEILBUTH GONCALVES,31002496,MG,Belo Horizonte,Urbana,A escola não está em área de localização diferenciada,Pública,"AVENIDA DOM PEDRO I, 527 SANTA BRANCA. 31565-000 Belo Horizonte - MG.",(31) 34413563,Estadual,Não Informado,Não,Sim,Entre 201 e 500 matrículas de escolarização,"Ensino Fundamental, Educação de Jovens Adultos",,-19.8398284,-43.9672672
ESCOLA EM FUNCIONAMENTO E SEM RESTRIÇÃO DE ATENDIMENTO,EE MARIA LUIZA MIRANDA BASTOS,31002500,MG,Belo Horizonte,Urbana,A escola não está em área de localização diferenciada,Pública,"RUA SAO JOSE DO JACURI, 60 PLANALTO. 31720-370 Belo Horizonte - MG.",(31) 34437477,Estadual,Não Informado,Não,Sim,Entre 501 e 1000 matrículas de escolarização,"Ensino Médio, Educação Profissional, Educação de Jovens Adultos",,-19.8362769,-43.9513745
ESCOLA EM FUNCIONAMENTO E SEM RESTRIÇÃO DE ATENDIMENTO,EE JUSCELINO KUBITSCHEK DE OLIVEIRA,31002518,MG,Belo Horizonte,Urbana,A escola não está em área de localização diferenciada,Pública,"RUA HERCI EUCLIDES FERREIRA, 229 MARIA HELENA. 31680-130 Belo Horizonte - MG.",(31) 34562109,Estadual,Não Informado,Não,Sim,Mais de 1000 matrículas de escolarização,"Ensino Fundamental, Ensino Médio",,-19.80248,-43.9927
ESCOLA EM FUNCIONAMENTO E SEM RESTRIÇÃO DE ATENDIMENTO,EE CARLOS DRUMMOND DE ANDRADE,31002526,MG,Belo Horizonte,Urbana,A escola não está em área de localização diferenciada,Pública,"RUA PROFESSORA GABRIELA VARELA, 360 FLORAMAR. 31742-114 Belo Horizonte - MG.",(31) 34347960,Estadual,Não Informado,Não,Sim,Mais de 1000 matrículas de escolarização,"Ensino Fundamental, Ensino Médio, Educação de Jovens Adultos",,-19.83251,-43.93076
ESCOLA EM FUNCIONAMENTO E SEM RESTRIÇÃO DE ATENDIMENTO,EE CORONEL MANOEL SOARES DO COUTO,31002534,MG,Belo Horizonte,Urbana,A escola não está em área de localização diferenciada,Pública,"RUA WALFRIDO TEIXEIRA SIMOES, 200 MINASCAIXA. 31615-680 Belo Horizonte - MG.",(31) 34557047,Estadual,Não Informado,Não,Sim,Mais de 1000 matrículas de escolarização,"Ensino Fundamental, Ensino Médio, Educação de Jovens Adultos",,-19.80659,-43.95764
ESCOLA EM FUNCIONAMENTO E SEM RESTRIÇÃO DE ATENDIMENTO,EE GETULIO VARGAS,31002542,MG,Belo Horizonte,Urbana,A escola não está em área de localização diferenciada,Pública,"RUA GUIDO LEAO, 22 SERRA VERDE. 31630-570 Belo Horizonte - MG.",(31) 34551307,Estadual,Não Informado,Não,Sim,Entre 501 e 1000 matrículas de escolarização,"Ensino Fundamental, Ensino Médio, Educação de Jovens Adultos",,-19.79744,-43.95123
ESCOLA EM FUNCIONAMENTO E SEM RESTRIÇÃO DE ATENDIMENTO,EE MARGARIDA DE MELLO PRADO,31002551,MG,Belo Horizonte,Urbana,A escola não está em área de localização diferenciada,Pública,"RUA JOAQUIM DE ABREU, 50 MONTE AZUL. 31872-630 Belo Horizonte - MG.",(31) 23424325,Estadual,Não Informado,Não,Sim,Entre 501 e 1000 matrículas de escolarização,"Ensino Fundamental, Ensino Médio",Atendimento Educacional Especializado,-19.8177889,-43.8927635
ESCOLA EM FUNCIONAMENTO E SEM RESTRIÇÃO DE ATENDIMENTO,CESEC MARIA VIEIRA BARBOSA,31002569,MG,Belo Horizonte,Urbana,A escola não está em área de localização diferenciada,Pública,"RUA PADRE PEDRO PINTO, 775 VENDA NOVA. 31510-000 Belo Horizonte - MG.",(31) 34086300,Estadual,Não Informado,Não,Sim,Mais de 1000 matrículas de escolarização,Educação de Jovens Adultos,,-19.8160508,-43.9572444
ESCOLA EM FUNCIONAMENTO E SEM RESTRIÇÃO DE ATENDIMENTO,EE MENDES PIMENTEL,31002585,MG,Belo Horizonte,Urbana,A escola não está em área de localização diferenciada,Pública,"RUA DORESOPOLIS, 325 FERNAO DIAS. 31910-170 Belo Horizonte - MG.",(31) 34864725,Estadual,Não Informado,Não,Sim,Entre 501 e 1000 matrículas de escolarização,"Ensino Fundamental, Ensino Médio",Atividade Complementar,-19.8712858,-43.9210724
ESCOLA EM FUNCIONAMENTO E SEM RESTRIÇÃO DE ATENDIMENTO,ESCOLA MUNICIPAL BELO HORIZONTE,31002593,MG,Belo Horizonte,Urbana,A escola não está em área de localização diferenciada,Pública,"AVE JOSE BONIFACIO, 00189 SAO CRISTOVAO. 31210-690 Belo Horizonte - MG.",(31) 32776221,Municipal,Não Informado,Não,Sim,Entre 501 e 1000 matrículas de escolarização,"Ensino Fundamental, Educação de Jovens Adultos","Atendimento Educacional Especializado, Atividade Complementar",-19.90355918,-43.94739663
ESCOLA EM FUNCIONAMENTO E SEM RESTRIÇÃO DE ATENDIMENTO,ESCOLA MUNICIPAL DE EDUCACAO INFANTIL ELOS,31002607,MG,Belo Horizonte,Urbana,A escola não está em área de localização diferenciada,Pública,"RUA MANOEL ALEXANDRINO, 440 SAO PAULO. 31910-120 Belo Horizonte - MG.",(31) 988883206,Municipal,Não Informado,Não,Sim,Entre 201 e 500 matrículas de escolarização,Educação Infantil,,-19.86683094,-43.92475395
ESCOLA EM FUNCIONAMENTO E SEM RESTRIÇÃO DE ATENDIMENTO,ESCOLA MUNICIPAL EMIDIO BERUTTO,31002615,MG,Belo Horizonte,Urbana,A escola não está em área de localização diferenciada,Pública,"RUA CONCEICAO DO PARA, 01726 SANTA INES. 31080-020 Belo Horizonte - MG.",(31) 32775652,Municipal,Não Informado,Não,Sim,Entre 501 e 1000 matrículas de escolarização,"Educação Infantil, Ensino Fundamental",Atividade Complementar,-19.8801492,-43.91096851
ESCOLA EM FUNCIONAMENTO E SEM RESTRIÇÃO DE ATENDIMENTO,ESCOLA MUNICIPAL MONSENHOR ARTUR DE OLIVEIRA,31002631,MG,Belo Horizonte,Urbana,A escola não está em área de localização diferenciada,Pública,"RUA FORNACIARI, 00157 CAICARAS. 30770-010 Belo Horizonte - MG.",(31) 32777238,Municipal,Não Informado,Não,Sim,Entre 501 e 1000 matrículas de escolarização,"Ensino Fundamental, Educação de Jovens Adultos","Atendimento Educacional Especializado, Atividade Complementar",-19.9061541,-43.96509099
ESCOLA EM FUNCIONAMENTO E SEM RESTRIÇÃO DE ATENDIMENTO,ESCOLA MUNICIPAL DE EDUCACAO INFANTIL PROFESSORA MARILIA TANURE PEREIRA,31002640,MG,Belo Horizonte,Urbana,A escola não está em área de localização diferenciada,Pública,"AVE VINTE OITO DE DE SETEMBRO, 00138 ESPLANADA. 30280-050 Belo Horizonte - MG.",(31) 32775657,Municipal,Não Informado,Não,Sim,Entre 201 e 500 matrículas de escolarização,Educação Infantil,,-19.90204167,-43.90527667
ESCOLA EM FUNCIONAMENTO E SEM RESTRIÇÃO DE ATENDIMENTO,ESCOLA MUNICIPAL PADRE FLAVIO GIAMMETTA,31002658,MG,Belo Horizonte,Urbana,A escola não está em área de localização diferenciada,Pública,"RUA SEBASTIAO MARIA DA SILVA, 175 ATILA DE PAIVA. 30640-360 Belo Horizonte - MG.",(31) 32775833,Municipal,Não Informado,Não,Sim,Entre 501 e 1000 matrículas de escolarização,"Educação Infantil, Ensino Fundamental",Atividade Complementar,-19.97767021,-44.02729866
ESCOLA EM FUNCIONAMENTO E SEM RESTRIÇÃO DE ATENDIMENTO,ESCOLA MUNICIPAL DE EDUCACAO INFANTIL RENASCENCA,31002666,MG,Belo Horizonte,Urbana,A escola não está em área de localização diferenciada,Pública,"RUA MACAPA, 00224 RENASCENCA. 31130-500 Belo Horizonte - MG.",(31) 32776147,Municipal,Não Informado,Não,Sim,Entre 51 e 200 matrículas de escolarização,Educação Infantil,,-19.8910941,-43.93821536
ESCOLA EM FUNCIONAMENTO E SEM RESTRIÇÃO DE ATENDIMENTO,ESCOLA MUNICIPAL MARCONI,31002674,MG,Belo Horizonte,Urbana,A escola não está em área de localização diferenciada,Pública,"AVE DO CONTORNO, 8476 SANTO AGOSTINHO. 30110-062 Belo Horizonte - MG.",(31) 32778860,Municipal,Não Informado,Não,Sim,Entre 501 e 1000 matrículas de escolarização,"Educação Infantil, Ensino Fundamental","Atendimento Educacional Especializado, Atividade Complementar",-19.93120829,-43.95494107
ESCOLA EM FUNCIONAMENTO E SEM RESTRIÇÃO DE ATENDIMENTO,ESCOLA MUNICIPAL FRANCISCA ALVES,31002682,MG,Belo Horizonte,Urbana,A escola não está em área de localização diferenciada,Pública,"AVE SANTA TEREZINHA, 8 CONJUNTO LAGOA. 31365-000 Belo Horizonte - MG.",,Municipal,Não Informado,Não,Sim,Entre 501 e 1000 matrículas de escolarização,"Ensino Fundamental, Educação de Jovens Adultos","Atendimento Educacional Especializado, Atividade Complementar",-19.8680411,-43.9970696
ESCOLA EM FUNCIONAMENTO E SEM RESTRIÇÃO DE ATENDIMENTO,ESCOLA MUNICIPAL MONSENHOR JOAO RODRIGUES DE OLIVEIRA,31002691,MG,Belo Horizonte,Urbana,A escola não está em área de localização diferenciada,Pública,"RUA ARAPARI, 00095 SAO GERALDO. 31050-540 Belo Horizonte - MG.",(31) 32775641,Municipal,Não Informado,Não,Sim,Entre 201 e 500 matrículas de escolarização,"Educação Infantil, Ensino Fundamental",Atividade Complementar,-19.89810833,-43.89711333
ESCOLA EM FUNCIONAMENTO E SEM RESTRIÇÃO DE ATENDIMENTO,ESCOLA MUNICIPAL FRANCISCA DE PAULA,31002704,MG,Belo Horizonte,Urbana,A escola não está em área de localização diferenciada,Pública,"RUA JULIO DE CASTILHO, 00330 CINQUENTENARIO. 30570-080 Belo Horizonte - MG.",(31) 32779609,Municipal,Não Informado,Não,Sim,Entre 501 e 1000 matrículas de escolarização,"Educação Infantil, Ensino Fundamental, Educação de Jovens Adultos",Atividade Complementar,-19.95752498,-43.98346265
ESCOLA EM FUNCIONAMENTO E SEM RESTRIÇÃO DE ATENDIMENTO,ESCOLA MUNICIPAL SALGADO FILHO,31002712,MG,Belo Horizonte,Urbana,A escola não está em área de localização diferenciada,Pública,"RUA CLOVIS CYRILO LIMONGE, 151 SALGADO FILHO. 30555-030 Belo Horizonte - MG.",(31) 32776466,Municipal,Não Informado,Não,Sim,Entre 501 e 1000 matrículas de escolarização,"Educação Infantil, Ensino Fundamental","Atendimento Educacional Especializado, Atividade Complementar",-19.95014148,-43.97785506
ESCOLA EM FUNCIONAMENTO E SEM RESTRIÇÃO DE ATENDIMENTO,ESCOLA MUNICIPAL DE EDUCACAO INFANTIL FRANCISCO AZEVEDO,31002721,MG,Belo Horizonte,Urbana,A escola não está em área de localização diferenciada,Pública,"RUA PITT, 332 UNIAO. 31170-610 Belo Horizonte - MG.",(31) 32775793,Municipal,Não Informado,Não,Sim,Entre 201 e 500 matrículas de escolarização,Educação Infantil,,-19.8824966,-43.92612524
ESCOLA EM FUNCIONAMENTO E SEM RESTRIÇÃO DE ATENDIMENTO,ESCOLA MUNICIPAL NOSSA SENHORA DO AMPARO,31002739,MG,Belo Horizonte,Urbana,A escola não está em área de localização diferenciada,Pública,"RUA HESPERIA, 300 APARECIDA. 31235-080 Belo Horizonte - MG.",(31) 32776024,Municipal,Não Informado,Não,Sim,Entre 501 e 1000 matrículas de escolarização,"Educação Infantil, Ensino Fundamental, Educação de Jovens Adultos",Atividade Complementar,-19.88955527,-43.95103544
ESCOLA EM FUNCIONAMENTO E SEM RESTRIÇÃO DE ATENDIMENTO,ESCOLA MUNICIPAL FRANCISCO BRESSANE DE AZEVEDO,31002747,MG,Belo Horizonte,Urbana,A escola não está em área de localização diferenciada,Pública,"RUA AIURUOCA, 501 SAO PAULO. 31910-130 Belo Horizonte - MG.",(31) 32776680,Municipal,Não Informado,Não,Sim,Entre 201 e 500 matrículas de escolarização,"Educação Infantil, Ensino Fundamental, Educação de Jovens Adultos","Atendimento Educacional Especializado, Atividade Complementar",-19.86617662,-43.92468721
ESCOLA EM FUNCIONAMENTO E SEM RESTRIÇÃO DE ATENDIMENTO,ESCOLA MUNICIPAL DE EDUCACAO INFANTIL PROFESSOR CHRISTOVAM COLOMBO DOS SANTOS,31002755,MG,Belo Horizonte,Urbana,A escola não está em área de localização diferenciada,Pública,"RUA VEREADOR NELSON CUNHA, 137 ESTORIL. 30494-015 Belo Horizonte - MG.",(31) 32776836,Municipal,Não Informado,Não,Sim,Entre 51 e 200 matrículas de escolarização,Educação Infantil,,-19.9565,-43.97006
ESCOLA EM FUNCIONAMENTO E SEM RESTRIÇÃO DE ATENDIMENTO,ESCOLA MUNICIPAL GEORGE RICARDO SALUM,31002763,MG,Belo Horizonte,Urbana,A escola não está em área de localização diferenciada,Pública,"RUA FOSFORO, 77 TAQUARIL. 30290-035 Belo Horizonte - MG.",(31) 32775609,Municipal,Não Informado,Não,Sim,Entre 501 e 1000 matrículas de escolarização,"Educação Infantil, Ensino Fundamental, Educação de Jovens Adultos",Atividade Complementar,-19.91888,-43.88788
ESCOLA EM FUNCIONAMENTO E SEM RESTRIÇÃO DE ATENDIMENTO,ESCOLA MUNICIPAL OSWALDO CRUZ,31002771,MG,Belo Horizonte,Urbana,A escola não está em área de localização diferenciada,Pública,"RUA SANTOS, 2200 JARDIM AMERICA. 30421-490 Belo Horizonte - MG.",(31) 32779636,Municipal,Não Informado,Não,Sim,Entre 201 e 500 matrículas de escolarização,Ensino Fundamental,"Atendimento Educacional Especializado, Atividade Complementar",-19.95442445,-43.96909083
ESCOLA EM FUNCIONAMENTO E SEM RESTRIÇÃO DE ATENDIMENTO,ESCOLA MUNICIPAL GOVERNADOR CARLOS LACERDA,31002780,MG,Belo Horizonte,Urbana,A escola não está em área de localização diferenciada,Pública,"RUA PRINCESA LEOPOLDINA, 00490 IPIRANGA. 31160-120 Belo Horizonte - MG.",(31) 32776056,Municipal,Não Informado,Não,Sim,Entre 501 e 1000 matrículas de escolarização,"Educação Infantil, Ensino Fundamental","Atendimento Educacional Especializado, Atividade Complementar",-19.8858887,-43.93209727
ESCOLA EM FUNCIONAMENTO E SEM RESTRIÇÃO DE ATENDIMENTO,ESCOLA MUNICIPAL AGENOR ALVES DE CARVALHO,31002798,MG,Belo Horizonte,Urbana,A escola não está em área de localização diferenciada,Pública,"RUA AGENOR ALVES, 53 NAZARE. 31990-040 Belo Horizonte - MG.",(31) 32776734,Municipal,Não Informado,Não,Sim,Entre 501 e 1000 matrículas de escolarização,"Educação Infantil, Ensino Fundamental","Atendimento Educacional Especializado, Atividade Complementar",-19.8538,-43.89614
ESCOLA EM FUNCIONAMENTO E SEM RESTRIÇÃO DE ATENDIMENTO,ESCOLA MUNICIPAL HELENA ANTIPOFF,31002801,MG,Belo Horizonte,Urbana,A escola não está em área de localização diferenciada,Pública,"RUA ANTONIO EUSTAQUIO PIAZZA, 04020 TIROL. 30662-050 Belo Horizonte - MG.",(31) 32775829,Municipal,Não Informado,Não,Sim,Entre 501 e 1000 matrículas de escolarização,"Educação Infantil, Ensino Fundamental, Educação de Jovens Adultos",Atividade Complementar,-19.99023235,-44.04504568
ESCOLA EM FUNCIONAMENTO E SEM RESTRIÇÃO DE ATENDIMENTO,ESCOLA MUNICIPAL PADRE EDEIMAR MASSOTE,31002810,MG,Belo Horizonte,Urbana,A escola não está em área de localização diferenciada,Pública,"RUA ENEIDA, 1485 COQUEIROS. 30881-120 Belo Horizonte - MG.",(31) 32777125,Municipal,Não Informado,Não,Sim,Mais de 1000 matrículas de escolarização,"Ensino Fundamental, Educação de Jovens Adultos",Atividade Complementar,-19.89846672,-44.0220783
ESCOLA EM FUNCIONAMENTO E SEM RESTRIÇÃO DE ATENDIMENTO,ESCOLA MUNICIPAL HONORINA DE BARROS,31002828,MG,Belo Horizonte,Urbana,A escola não está em área de localização diferenciada,Pública,"PCA PROFESSOR CORREA NETO, 200 SAO CRISTOVAO. 31210-740 Belo Horizonte - MG.",(31) 32776020,Municipal,Não Informado,Não,Sim,Entre 201 e 500 matrículas de escolarização,Ensino Fundamental,Atividade Complementar,-19.90262205,-43.94631347
ESCOLA EM FUNCIONAMENTO E SEM RESTRIÇÃO DE ATENDIMENTO,ESCOLA MUNICIPAL AIRES DA MATA MACHADO,31002836,MG,Belo Horizonte,Urbana,A escola não está em área de localização diferenciada,Pública,"AVE SENADOR LEVINDO COELHO, 632 TIROL. 30662-290 Belo Horizonte - MG.",(31) 32775858,Municipal,Não Informado,Não,Sim,Entre 501 e 1000 matrículas de escolarização,"Educação Infantil, Ensino Fundamental","Atendimento Educacional Especializado, Atividade Complementar",-19.99416572,-44.03539544
ESCOLA EM FUNCIONAMENTO E SEM RESTRIÇÃO DE ATENDIMENTO,ESCOLA MUNICIPAL HONORINA RABELLO,31002844,MG,Belo Horizonte,Urbana,A escola não está em área de localização diferenciada,Pública,"RUA MARIA CONCEICAO BONFIM, 00315 GOIANIA. 31950-540 Belo Horizonte - MG.",(31) 32776683,Municipal,Não Informado,Não,Sim,Entre 201 e 500 matrículas de escolarização,"Educação Infantil, Ensino Fundamental, Educação de Jovens Adultos",Atividade Complementar,-19.85753833,-43.89592167
ESCOLA EM FUNCIONAMENTO E SEM RESTRIÇÃO DE ATENDIMENTO,ESCOLA MUNICIPAL PADRE GUILHERME PETERS,31002852,MG,Belo Horizonte,Urbana,A escola não está em área de localização diferenciada,Pública,"RUA CORONEL JORGE DAVIS, 300 NOSSA SENHORA DO ROSARIO. 30240-560 Belo Horizonte - MG.",(31) 32778251,Municipal,Não Informado,Não,Sim,Entre 201 e 500 matrículas de escolarização,"Ensino Fundamental, Educação de Jovens Adultos","Atendimento Educacional Especializado, Atividade Complementar",-19.93249,-43.9154
ESCOLA EM FUNCIONAMENTO E SEM RESTRIÇÃO DE ATENDIMENTO,ESCOLA MUNICIPAL HUGO PINHEIRO SOARES,31002861,MG,Belo Horizonte,Urbana,A escola não está em área de localização diferenciada,Pública,"RUA JUNDIAI, 00567 CONCORDIA. 31110-770 Belo Horizonte - MG.",(31) 32776022,Municipal,Não Informado,Não,Sim,Entre 201 e 500 matrículas de escolarização,"Ensino Fundamental, Educação de Jovens Adultos","Atendimento Educacional Especializado, Atividade Complementar",-19.89807533,-43.94013718
ESCOLA EM FUNCIONAMENTO E SEM RESTRIÇÃO DE ATENDIMENTO,ESCOLA MUNICIPAL AMERICO RENE GIANNETTI,31002879,MG,Belo Horizonte,Urbana,A escola não está em área de localização diferenciada,Pública,"RUA JUNDIAI, 00557 CONCORDIA. 31110-770 Belo Horizonte - MG.",(31) 32776224,Municipal,Não Informado,Não,Sim,Entre 201 e 500 matrículas de escolarização,"Educação Infantil, Ensino Fundamental",Atividade Complementar,-19.89833,-43.9405
ESCOLA EM FUNCIONAMENTO E SEM RESTRIÇÃO DE ATENDIMENTO,ESCOLA MUNICIPAL HUGO WERNECK,31002887,MG,Belo Horizonte,Urbana,A escola não está em área de localização diferenciada,Pública,"RUA OSCAR TROMPOWSKY, 1372 GRAJAU. 30431-177 Belo Horizonte - MG.",(31) 32776494,Municipal,Não Informado,Não,Sim,Entre 201 e 500 matrículas de escolarização,"Educação Infantil, Ensino Fundamental","Atendimento Educacional Especializado, Atividade Complementar",-19.94266621,-43.96330879
ESCOLA EM FUNCIONAMENTO E SEM RESTRIÇÃO DE ATENDIMENTO,ESCOLA MUNICIPAL PADRE HENRIQUE BRANDAO,31002895,MG,Belo Horizonte,Urbana,A escola não está em área de localização diferenciada,Pública,"RUA CRISPIM JAQUES, 00987 VISTA ALEGRE. 30514-130 Belo Horizonte - MG.",(31) 32779107,Municipal,Não Informado,Não,Sim,Mais de 1000 matrículas de escolarização,"Ensino Fundamental, Educação de Jovens Adultos",Atividade Complementar,-19.95623461,-44.00038306
ESCOLA EM FUNCIONAMENTO E SEM RESTRIÇÃO DE ATENDIMENTO,ESCOLA MUNICIPAL MONTEIRO LOBATO,31002909,MG,Belo Horizonte,Urbana,A escola não está em área de localização diferenciada,Pública,"RUA SANTA APOLONIA, 00120 SAO MARCOS. 31920-360 Belo Horizonte - MG.",(31) 32775656,Municipal,Não Informado,Não,Sim,Entre 201 e 500 matrículas de escolarização,"Educação Infantil, Ensino Fundamental","Atendimento Educacional Especializado, Atividade Complementar",-19.87525,-43.91003
ESCOLA EM FUNCIONAMENTO E SEM RESTRIÇÃO DE ATENDIMENTO,ESCOLA MUNICIPAL ANA ALVES TEIXEIRA,31002917,MG,Belo Horizonte,Urbana,A escola não está em área de localização diferenciada,Pública,"RUA BARAO DO MONTE ALTO, 00300 CARDOSO. 30626-480 Belo Horizonte - MG.",(31) 32775949,Municipal,Não Informado,Não,Sim,Entre 501 e 1000 matrículas de escolarização,"Educação Infantil, Ensino Fundamental",Atividade Complementar,-19.99910246,-44.00675464
ESCOLA EM FUNCIONAMENTO E SEM RESTRIÇÃO DE ATENDIMENTO,ESCOLA MUNICIPAL ISRAEL PINHEIRO,31002925,MG,Belo Horizonte,Urbana,A escola não está em área de localização diferenciada,Pública,"RUA DESEMBARGADOR BRAULIO, 01147 ALTO VERA CRUZ. 30285-170 Belo Horizonte - MG.",(31) 32775611,Municipal,Não Informado,Não,Sim,Entre 501 e 1000 matrículas de escolarização,"Educação Infantil, Ensino Fundamental, Educação de Jovens Adultos","Atendimento Educacional Especializado, Atividade Complementar",-19.91140938,-43.88979748
ESCOLA EM FUNCIONAMENTO E SEM RESTRIÇÃO DE ATENDIMENTO,ESCOLA MUNICIPAL PEDRO ALEIXO,31002933,MG,Belo Horizonte,Urbana,A escola não está em área de localização diferenciada,Pública,"AVE MENELICK DE CARVALHO, 255 ARAGUAIA. 30624-000 Belo Horizonte - MG.",(31) 32775954,Municipal,Não Informado,Não,Sim,Mais de 1000 matrículas de escolarização,"Educação Infantil, Ensino Fundamental","Atendimento Educacional Especializado, Atividade Complementar",-19.99388592,-44.00207903
ESCOLA EM FUNCIONAMENTO E SEM RESTRIÇÃO DE ATENDIMENTO,ESCOLA MUNICIPAL PROFESSOR JOAO CAMILO DE OLIVEIRA TORRES,31002941,MG,Belo Horizonte,Urbana,A escola não está em área de localização diferenciada,Pública,"RUA ESTER BATISTA VIEIRA, 00012 CALIFORNIA. 30855-060 Belo Horizonte - MG.",(31) 32779134,Municipal,Não Informado,Não,Sim,Entre 501 e 1000 matrículas de escolarização,"Educação Infantil, Ensino Fundamental","Atendimento Educacional Especializado, Atividade Complementar",-19.929505,-44.00930667
ESCOLA EM FUNCIONAMENTO E SEM RESTRIÇÃO DE ATENDIMENTO,ESCOLA MUNICIPAL ANTONIO MOURAO GUIMARAES,31002950,MG,Belo Horizonte,Urbana,A escola não está em área de localização diferenciada,Pública,"RUA INTERSINDICAL, 00270 FLAVIO DE OLIVEIRA. 30626-540 Belo Horizonte - MG.",(31) 32775950,Municipal,Não Informado,Não,Sim,Entre 201 e 500 matrículas de escolarização,"Educação Infantil, Ensino Fundamental","Atendimento Educacional Especializado, Atividade Complementar",-20.00147953,-44.00259269
ESCOLA EM FUNCIONAMENTO E SEM RESTRIÇÃO DE ATENDIMENTO,ESCOLA MUNICIPAL JOAO DO PATROCINIO,31002968,MG,Belo Horizonte,Urbana,A escola não está em área de localização diferenciada,Pública,"RUA SERINGUEIRA, 00128 NOVA GAMELEIRA. 30510-690 Belo Horizonte - MG.",(31) 32777030,Municipal,Não Informado,Não,Sim,Entre 501 e 1000 matrículas de escolarização,"Educação Infantil, Ensino Fundamental",Atividade Complementar,-19.9443337,-43.99339882
ESCOLA EM FUNCIONAMENTO E SEM RESTRIÇÃO DE ATENDIMENTO,ESCOLA MUNICIPAL PERSIO PEREIRA PINTO,31002976,MG,Belo Horizonte,Urbana,A escola não está em área de localização diferenciada,Pública,"ROD ANEL RODOVIARIO CELSO MELLO AZEVEDO, 28177 CAPITAO EDUARDO. 31998-253 Belo Horizonte - MG.",(31) 32776696,Municipal,Não Informado,Não,Sim,Entre 201 e 500 matrículas de escolarização,"Educação Infantil, Ensino Fundamental","Atendimento Educacional Especializado, Atividade Complementar",-19.8394887,-43.87814311
ESCOLA EM FUNCIONAMENTO E SEM RESTRIÇÃO DE ATENDIMENTO,ESCOLA MUNICIPAL JOAO PINHEIRO,31002984,MG,Belo Horizonte,Urbana,A escola não está em área de localização diferenciada,Pública,"RUA PADRE MANOEL BERNARDES, 303 OESTE. 30530-470 Belo Horizonte - MG.",(31) 32779662,Municipal,Não Informado,Não,Sim,Entre 501 e 1000 matrículas de escolarização,"Educação Infantil, Ensino Fundamental, Educação de Jovens Adultos","Atendimento Educacional Especializado, Atividade Complementar",-19.93330565,-43.99996137
ESCOLA EM FUNCIONAMENTO E SEM RESTRIÇÃO DE ATENDIMENTO,ESCOLA MUNICIPAL ANTONIO SALLES BARBOSA,31002992,MG,Belo Horizonte,Urbana,A escola não está em área de localização diferenciada,Pública,"RUA SABINO JOSE FERREIRA, 00005 TIROL. 30662-630 Belo Horizonte - MG.",(31) 32775844,Municipal,Não Informado,Não,Sim,Entre 501 e 1000 matrículas de escolarização,"Educação Infantil, Ensino Fundamental","Atendimento Educacional Especializado, Atividade Complementar",-19.98471,-44.04564
ESCOLA EM FUNCIONAMENTO E SEM RESTRIÇÃO DE ATENDIMENTO,ESCOLA MUNICIPAL JONAS BARCELLOS CORREA,31003000,MG,Belo Horizonte,Urbana,A escola não está em área de localização diferenciada,Pública,"RUA PROFESSORA DIRCE MARIA, 240 PETROPOLIS. 30666-515 Belo Horizonte - MG.",(31) 32775866,Municipal,Não Informado,Não,Sim,Entre 501 e 1000 matrículas de escolarização,"Ensino Fundamental, Educação de Jovens Adultos",Atividade Complementar,-20.01534653,-44.03019177
ESCOLA EM FUNCIONAMENTO E SEM RESTRIÇÃO DE ATENDIMENTO,ESCOLA MUNICIPAL PREFEITO AMINTHAS DE BARROS,31003018,MG,Belo Horizonte,Urbana,A escola não está em área de localização diferenciada,Pública,"RUA SAN SALVADOR, 100 HAVAI. 30575-020 Belo Horizonte - MG.",(31) 32779643,Municipal,Não Informado,Não,Sim,Entre 501 e 1000 matrículas de escolarização,"Educação Infantil, Ensino Fundamental, Educação de Jovens Adultos","Atendimento Educacional Especializado, Atividade Complementar",-19.96320333,-43.96931667
ESCOLA EM FUNCIONAMENTO E SEM RESTRIÇÃO DE ATENDIMENTO,ESCOLA MUNICIPAL JULIA PARAISO,31003026,MG,Belo Horizonte,Urbana,A escola não está em área de localização diferenciada,Pública,"RUA TIES, 100 ALIPIO DE MELO. 30830-500 Belo Horizonte - MG.",(31) 32777141,Municipal,Não Informado,Não,Sim,Entre 501 e 1000 matrículas de escolarização,Ensino Fundamental,"Atendimento Educacional Especializado, Atividade Complementar",-19.89606859,-44.00580275
ESCOLA EM FUNCIONAMENTO E SEM RESTRIÇÃO DE ATENDIMENTO,ESCOLA MUNICIPAL ARTHUR GUIMARAES,31003034,MG,Belo Horizonte,Urbana,A escola não está em área de localização diferenciada,Pública,"AVE AMERICO VESPUCIO, 01610 NOVA ESPERANCA. 31230-250 Belo Horizonte - MG.",(31) 32777232,Municipal,Não Informado,Não,Sim,Entre 501 e 1000 matrículas de escolarização,"Educação Infantil, Ensino Fundamental","Atendimento Educacional Especializado, Atividade Complementar",-19.89812,-43.96145
ESCOLA EM FUNCIONAMENTO E SEM RESTRIÇÃO DE ATENDIMENTO,ESCOLA MUNICIPAL LEVINDO LOPES,31003042,MG,Belo Horizonte,Urbana,A escola não está em área de localização diferenciada,Pública,"RUA FLUORINA, 01460 PARAISO. 30270-380 Belo Horizonte - MG.",(31) 32775783,Municipal,Não Informado,Não,Sim,Entre 201 e 500 matrículas de escolarização,Ensino Fundamental,Atividade Complementar,-19.92328834,-43.90447947
ESCOLA EM FUNCIONAMENTO E SEM RESTRIÇÃO DE ATENDIMENTO,ESCOLA MUNICIPAL PREFEITO SOUZA LIMA,31003051,MG,Belo Horizonte,Urbana,A escola não está em área de localização diferenciada,Pública,"RUA DOS PARAGUAIOS, 00097 JARDIM VITORIA. 31975-370 Belo Horizonte - MG.",(31) 32776794,Municipal,Não Informado,Não,Sim,Entre 501 e 1000 matrículas de escolarização,Ensino Fundamental,"Atendimento Educacional Especializado, Atividade Complementar",-19.85471833,-43.88377167
ESCOLA EM FUNCIONAMENTO E SEM RESTRIÇÃO DE ATENDIMENTO,ESCOLA MUNICIPAL LUIGI TONIOLO,31003069,MG,Belo Horizonte,Urbana,A escola não está em área de localização diferenciada,Pública,"RUA MAFRA, 124 NOVO GLORIA. 30880-294 Belo Horizonte - MG.",(31) 32777118,Municipal,Não Informado,Não,Sim,Entre 501 e 1000 matrículas de escolarização,"Educação Infantil, Ensino Fundamental","Atendimento Educacional Especializado, Atividade Complementar",-19.90244809,-44.01746962
ESCOLA EM FUNCIONAMENTO E SEM RESTRIÇÃO DE ATENDIMENTO,ESCOLA MUNICIPAL AUGUSTA MEDEIROS,31003077,MG,Belo Horizonte,Urbana,A escola não está em área de localização diferenciada,Pública,"RUA GENERAL CLARK, 28 SAO SALVADOR. 30881-640 Belo Horizonte - MG.",(31) 32777162,Municipal,Não Informado,Não,Sim,Entre 501 e 1000 matrículas de escolarização,"Educação Infantil, Ensino Fundamental, Educação de Jovens Adultos",Atividade Complementar,-19.89098723,-44.01473957
ESCOLA EM FUNCIONAMENTO E SEM RESTRIÇÃO DE ATENDIMENTO,ESCOLA MUNICIPAL LUIZ GATTI,31003085,MG,Belo Horizonte,Urbana,A escola não está em área de localização diferenciada,Pública,"RUA O GARIMPEIRO, 00045 ADEMAR MALDONADO. 30640-720 Belo Horizonte - MG.",(31) 32775830,Municipal,Não Informado,Não,Sim,Entre 501 e 1000 matrículas de escolarização,"Ensino Fundamental, Educação de Jovens Adultos","Atendimento Educacional Especializado, Atividade Complementar",-19.98200873,-44.02651219
ESCOLA EM FUNCIONAMENTO E SEM RESTRIÇÃO DE ATENDIMENTO,ESCOLA MUNICIPAL PROFESSORA ALCIDA TORRES,31003093,MG,Belo Horizonte,Urbana,A escola não está em área de localização diferenciada,Pública,"RUA ALVARO FERNANDES, 00144 TAQUARIL. 30295-200 Belo Horizonte - MG.",(31) 32775623,Municipal,Não Informado,Não,Sim,Entre 501 e 1000 matrículas de escolarização,"Educação Infantil, Ensino Fundamental",Atividade Complementar,-19.9164594,-43.88444421
ESCOLA EM FUNCIONAMENTO E SEM RESTRIÇÃO DE ATENDIMENTO,ESCOLA MUNICIPAL MAGALHAES DRUMOND,31003107,MG,Belo Horizonte,Urbana,A escola não está em área de localização diferenciada,Pública,"RUA CONTENDAS, 200 ALTO BARROCA. 30431-012 Belo Horizonte - MG.",(31) 32777032,Municipal,Não Informado,Não,Sim,Entre 201 e 500 matrículas de escolarização,Ensino Fundamental,Atividade Complementar,-19.93121,-43.97109
ESCOLA EM FUNCIONAMENTO E SEM RESTRIÇÃO DE ATENDIMENTO,ESCOLA MUNICIPAL AURELIO PIRES,31003115,MG,Belo Horizonte,Urbana,A escola não está em área de localização diferenciada,Pública,"RUA BARRINHA, 171 INDAIA. 31270-070 Belo Horizonte - MG.",(31) 32777916,Municipal,Não Informado,Não,Sim,Entre 501 e 1000 matrículas de escolarização,"Educação Infantil, Ensino Fundamental, Educação de Jovens Adultos","Atendimento Educacional Especializado, Atividade Complementar",-19.86511183,-43.95234664
ESCOLA EM FUNCIONAMENTO E SEM RESTRIÇÃO DE ATENDIMENTO,ESCOLA MUNICIPAL MARIA DE MAGALHAES PINTO,31003123,MG,Belo Horizonte,Urbana,A escola não está em área de localização diferenciada,Pública,"RUA SENADOR VIRGILIO TAVORA, 150 SANTA TEREZINHA. 31360-220 Belo Horizonte - MG.",(31) 988883301,Municipal,Não Informado,Não,Sim,Entre 501 e 1000 matrículas de escolarização,"Ensino Fundamental, Educação de Jovens Adultos","Atendimento Educacional Especializado, Atividade Complementar",-19.87543065,-44.00688172
ESCOLA EM FUNCIONAMENTO E SEM RESTRIÇÃO DE ATENDIMENTO,ESCOLA MUNICIPAL PROFESSORA ALICE NACIF,31003131,MG,Belo Horizonte,Urbana,A escola não está em área de localização diferenciada,Pública,"RUA EXPEDICIONARIO PAULO DE SOUZA, 721 CONFISCO. 31360-395 Belo Horizonte - MG.",(31) 32777230,Municipal,Não Informado,Não,Sim,Entre 501 e 1000 matrículas de escolarização,"Educação Infantil, Ensino Fundamental","Atendimento Educacional Especializado, Atividade Complementar",-19.86715834,-44.01577103
ESCOLA EM FUNCIONAMENTO E SEM RESTRIÇÃO DE ATENDIMENTO,ESCOLA MUNICIPAL MARIA DAS NEVES,31003140,MG,Belo Horizonte,Urbana,A escola não está em área de localização diferenciada,Pública,"RUA PIRANGA, 39 SAO LUCAS. 30240-310 Belo Horizonte - MG.",(31) 32775144,Municipal,Não Informado,Não,Sim,Entre 201 e 500 matrículas de escolarização,Ensino Fundamental,Atividade Complementar,-19.9281172,-43.91976672
ESCOLA EM FUNCIONAMENTO E SEM RESTRIÇÃO DE ATENDIMENTO,ESCOLA MUNICIPAL BENJAMIM JACOB,31003158,MG,Belo Horizonte,Urbana,A escola não está em área de localização diferenciada,Pública,"RUA VENEZUELA, 00643 SION. 30315-250 Belo Horizonte - MG.",(31) 32778220,Municipal,Não Informado,Não,Sim,Entre 201 e 500 matrículas de escolarização,"Educação Infantil, Ensino Fundamental",Atividade Complementar,-19.95386138,-43.93687922
ESCOLA EM FUNCIONAMENTO E SEM RESTRIÇÃO DE ATENDIMENTO,ESCOLA MUNICIPAL MARIA DE REZENDE COSTA,31003166,MG,Belo Horizonte,Urbana,A escola não está em área de localização diferenciada,Pública,"AVE ABILIO MACHADO, 1009 GLORIA. 30830-233 Belo Horizonte - MG.",(31) 32777235,Municipal,Não Informado,Não,Sim,Entre 501 e 1000 matrículas de escolarização,"Educação Infantil, Ensino Fundamental, Educação de Jovens Adultos",Atividade Complementar,-19.90652265,-43.99969529
ESCOLA EM FUNCIONAMENTO E SEM RESTRIÇÃO DE ATENDIMENTO,ESCOLA MUNICIPAL DINORAH MAGALHAES FABRI,31003174,MG,Belo Horizonte,Urbana,A escola não está em área de localização diferenciada,Pública,"RUA PAVAO, 295 ESPERANCA. 30624-270 Belo Horizonte - MG.",(31) 32775952,Municipal,Não Informado,Não,Sim,Mais de 1000 matrículas de escolarização,"Educação Infantil, Ensino Fundamental, Educação de Jovens Adultos",Atividade Complementar,-19.99401,-43.9905
ESCOLA EM FUNCIONAMENTO E SEM RESTRIÇÃO DE ATENDIMENTO,ESCOLA MUNICIPAL PROFESSOR MARIO WERNECK,31003182,MG,Belo Horizonte,Urbana,A escola não está em área de localização diferenciada,Pública,"RUA ABATI, 38 SANTA MARIA. 30525-230 Belo Horizonte - MG.",(31) 32779136,Municipal,Não Informado,Não,Sim,Entre 201 e 500 matrículas de escolarização,"Educação Infantil, Ensino Fundamental, Educação de Jovens Adultos","Atendimento Educacional Especializado, Atividade Complementar",-19.93635165,-44.01337576
ESCOLA EM FUNCIONAMENTO E SEM RESTRIÇÃO DE ATENDIMENTO,ESCOLA MUNICIPAL CARLOS GOIS,31003191,MG,Belo Horizonte,Urbana,A escola não está em área de localização diferenciada,Pública,"RUA MENDES DE OLIVEIRA, 00446 SANTO ANDRE. 31210-610 Belo Horizonte - MG.",(31) 32776017,Municipal,Não Informado,Não,Sim,Entre 51 e 200 matrículas de escolarização,Ensino Fundamental,Atividade Complementar,-19.902465,-43.95198833
ESCOLA EM FUNCIONAMENTO E SEM RESTRIÇÃO DE ATENDIMENTO,ESCOLA MUNICIPAL MESTRE ATAIDE,31003204,MG,Belo Horizonte,Urbana,A escola não está em área de localização diferenciada,Pública,"RUA AUGUSTO JOSE DOS SANTOS, 560 ESTRELA DO ORIENTE. 30580-100 Belo Horizonte - MG.",(31) 32775991,Municipal,Não Informado,Não,Sim,Entre 501 e 1000 matrículas de escolarização,Ensino Fundamental,"Atendimento Educacional Especializado, Atividade Complementar",-19.96799,-43.98845
ESCOLA EM FUNCIONAMENTO E SEM RESTRIÇÃO DE ATENDIMENTO,ESCOLA MUNICIPAL PROFESSORA EFIGENIA VIDIGAL,31003212,MG,Belo Horizonte,Urbana,A escola não está em área de localização diferenciada,Pública,"RUA JOSE GUALBERTO, 00295 PALMEIRAS. 30575-780 Belo Horizonte - MG.",(31) 32779146,Municipal,Não Informado,Não,Sim,Entre 501 e 1000 matrículas de escolarização,"Ensino Fundamental, Educação de Jovens Adultos",Atividade Complementar,-19.97026,-43.98276
ESCOLA EM FUNCIONAMENTO E SEM RESTRIÇÃO DE ATENDIMENTO,ESCOLA MUNICIPAL MESTRE PARANHOS,31003221,MG,Belo Horizonte,Urbana,A escola não está em área de localização diferenciada,Pública,"RUA ALCIDA TORRES, 25 CONJUNTO SANTA MARIA. 30380-450 Belo Horizonte - MG.",(31) 32778840,Municipal,Não Informado,Não,Sim,Entre 501 e 1000 matrículas de escolarização,"Educação Infantil, Ensino Fundamental, Educação de Jovens Adultos",Atividade Complementar,-19.95176,-43.95952
ESCOLA EM FUNCIONAMENTO E SEM RESTRIÇÃO DE ATENDIMENTO,ESCOLA MUNICIPAL CARMELITA CARVALHO GARCIA,31003239,MG,Belo Horizonte,Urbana,A escola não está em área de localização diferenciada,Pública,"PCA OLGA GATTI BARBOSA, 10 OURO PRETO. 31320-195 Belo Horizonte - MG.",(31) 32777135,Municipal,Não Informado,Não,Sim,Entre 501 e 1000 matrículas de escolarização,"Ensino Fundamental, Educação de Jovens Adultos","Atendimento Educacional Especializado, Atividade Complementar",-19.88579599,-43.98709025
ESCOLA EM FUNCIONAMENTO E SEM RESTRIÇÃO DE ATENDIMENTO,ESCOLA MUNICIPAL PROFESSORA ELEONORA PIERUCCETTI,31003247,MG,Belo Horizonte,Urbana,A escola não está em área de localização diferenciada,Pública,"AVE BERNARDO DE VASCONCELOS, 00288 CACHOEIRINHA. 31150-000 Belo Horizonte - MG.",(31) 986458879,Municipal,Não Informado,Não,Sim,Mais de 1000 matrículas de escolarização,"Ensino Fundamental, Educação de Jovens Adultos","Atendimento Educacional Especializado, Atividade Complementar",-19.88560929,-43.9478522
ESCOLA EM FUNCIONAMENTO E SEM RESTRIÇÃO DE ATENDIMENTO,ESCOLA MUNICIPAL CONEGO SEQUEIRA,31003255,MG,Belo Horizonte,Urbana,A escola não está em área de localização diferenciada,Pública,"RUA FLOR CHUVA DE PRATA, 00040 MINEIRAO. 30672-260 Belo Horizonte - MG.",(31) 32775860,Municipal,Não Informado,Não,Sim,Mais de 1000 matrículas de escolarização,"Educação Infantil, Ensino Fundamental, Educação de Jovens Adultos","Atendimento Educacional Especializado, Atividade Complementar",-20.02300629,-44.02916757
ESCOLA EM FUNCIONAMENTO E SEM RESTRIÇÃO DE ATENDIMENTO,ESCOLA MUNICIPAL PROFESSORA ISAURA SANTOS,31003263,MG,Belo Horizonte,Urbana,A escola não está em área de localização diferenciada,Pública,"RUA HOFFMAN, 80 SANTA HELENA. 30644-010 Belo Horizonte - MG.",(31) 32775956,Municipal,Não Informado,Não,Sim,Entre 501 e 1000 matrículas de escolarização,"Educação Infantil, Ensino Fundamental, Educação de Jovens Adultos","Atendimento Educacional Especializado, Atividade Complementar",-19.98945,-44.0092
ESCOLA EM FUNCIONAMENTO E SEM RESTRIÇÃO DE ATENDIMENTO,ESCOLA MUNICIPAL DE EDUCACAO INFANTIL CORNELIO VAZ DE MELO,31003271,MG,Belo Horizonte,Urbana,A escola não está em área de localização diferenciada,Pública,"RUA POROROCAS, 124 APARECIDA. 31235-120 Belo Horizonte - MG.",(31) 32776084,Municipal,Não Informado,Não,Sim,Entre 51 e 200 matrículas de escolarização,Educação Infantil,,-19.89476752,-43.95797634
ESCOLA EM FUNCIONAMENTO E SEM RESTRIÇÃO DE ATENDIMENTO,ESCOLA MUNICIPAL PROFESSORA MARIA MODESTA CRAVO,31003280,MG,Belo Horizonte,Urbana,A escola não está em área de localização diferenciada,Pública,"RUA DOUTOR JULIO OTAVIANO FERREIRA, 1085 CIDADE NOVA. 31170-200 Belo Horizonte - MG.",(31) 32775670,Municipal,Não Informado,Não,Sim,Entre 501 e 1000 matrículas de escolarização,"Educação Infantil, Ensino Fundamental","Atendimento Educacional Especializado, Atividade Complementar",-19.89032348,-43.92043423
ESCOLA EM FUNCIONAMENTO E SEM RESTRIÇÃO DE ATENDIMENTO,ESCOLA MUNICIPAL DEPUTADO MILTON SALLES,31003298,MG,Belo Horizonte,Urbana,A escola não está em área de localização diferenciada,Pública,"RUA TEOFILO FILHO, 222 JARDIM AMERICA. 30494-005 Belo Horizonte - MG.",(31) 32779634,Municipal,Não Informado,Não,Sim,Entre 501 e 1000 matrículas de escolarização,"Educação Infantil, Ensino Fundamental, Educação de Jovens Adultos",Atividade Complementar,-19.95527,-43.9693
ESCOLA EM FUNCIONAMENTO E SEM RESTRIÇÃO DE ATENDIMENTO,ESCOLA MUNICIPAL ANTONIO ALEIXO,31003301,MG,Belo Horizonte,Urbana,A escola não está em área de localização diferenciada,Pública,"AVE OLINTO MEIRELES, 250 BARREIRO. 30640-010 Belo Horizonte - MG.",(31) 32775404,Municipal,Não Informado,Não,Sim,Entre 201 e 500 matrículas de escolarização,Ensino Fundamental,Atividade Complementar,-19.973445,-44.01391167
ESCOLA EM FUNCIONAMENTO E SEM RESTRIÇÃO DE ATENDIMENTO,ESCOLA MUNICIPAL DOM JAIME DE BARROS CAMARA,31003310,MG,Belo Horizonte,Urbana,A escola não está em área de localização diferenciada,Pública,"RUA FREDERICO BRACHER JUNIOR, 00123 CARLOS PRATES. 30720-000 Belo Horizonte - MG.",(31) 32777234,Municipal,Não Informado,Não,Sim,Entre 201 e 500 matrículas de escolarização,"Ensino Fundamental, Educação de Jovens Adultos",Atividade Complementar,-19.91527,-43.96791
ESCOLA EM FUNCIONAMENTO E SEM RESTRIÇÃO DE ATENDIMENTO,ESCOLA MUNICIPAL PROFESSOR CLAUDIO BRANDAO,31003328,MG,Belo Horizonte,Urbana,A escola não está em área de localização diferenciada,Pública,"RUA CANTAGALO, 1147 APARECIDA. 31230-770 Belo Horizonte - MG.",(31) 32776045,Municipal,Não Informado,Não,Sim,Entre 201 e 500 matrículas de escolarização,Ensino Fundamental,Atividade Complementar,-19.89001294,-43.95275501
ESCOLA EM FUNCIONAMENTO E SEM RESTRIÇÃO DE ATENDIMENTO,ESCOLA MUNICIPAL DOM ORIONE,31003336,MG,Belo Horizonte,Urbana,A escola não está em área de localização diferenciada,Pública,"AVE EXPEDICIONARIO BENVINDO BELEM DE LIMA, 900 SAO LUIZ. 31310-040 Belo Horizonte - MG.",(31) 32777863,Municipal,Não Informado,Não,Sim,Entre 501 e 1000 matrículas de escolarização,"Educação Infantil, Ensino Fundamental, Educação de Jovens Adultos","Atendimento Educacional Especializado, Atividade Complementar",-19.86773221,-43.97874959
ESCOLA EM FUNCIONAMENTO E SEM RESTRIÇÃO DE ATENDIMENTO,ESCOLA MUNICIPAL PROFESSOR DOMICIANO VIEIRA,31003344,MG,Belo Horizonte,Urbana,A escola não está em área de localização diferenciada,Pública,"RUA SAO BENTO, 1591 SAGRADA FAMILIA. 31035-060 Belo Horizonte - MG.",(31) 986522724,Municipal,Não Informado,Não,Sim,Entre 201 e 500 matrículas de escolarização,"Educação Infantil, Ensino Fundamental","Atendimento Educacional Especializado, Atividade Complementar",-19.90273147,-43.91588875
ESCOLA EM FUNCIONAMENTO E SEM RESTRIÇÃO DE ATENDIMENTO,ESCOLA MUNICIPAL DE EDUCACAO INFANTIL PROFESSOR JOSE BRAZ,31003361,MG,Belo Horizonte,Urbana,A escola não está em área de localização diferenciada,Pública,"RUA JOSE ZUQUIM, 00210 SANTA MARGARIDA. 30640-180 Belo Horizonte - MG.",(31) 32779120,Municipal,Não Informado,Não,Sim,Entre 51 e 200 matrículas de escolarização,Educação Infantil,,-19.97106094,-44.01867073
ESCOLA EM FUNCIONAMENTO E SEM RESTRIÇÃO DE ATENDIMENTO,ESCOLA MUNICIPAL PROFESSOR MELLO CANCADO,31003379,MG,Belo Horizonte,Urbana,A escola não está em área de localização diferenciada,Pública,"RUA DAS PETUNIAS, 02058 LINDEIA. 30690-020 Belo Horizonte - MG.",(31) 32775834,Municipal,Não Informado,Não,Sim,Entre 501 e 1000 matrículas de escolarização,"Educação Infantil, Ensino Fundamental, Educação de Jovens Adultos","Atendimento Educacional Especializado, Atividade Complementar",-19.98113,-44.05315
ESCOLA EM FUNCIONAMENTO E SEM RESTRIÇÃO DE ATENDIMENTO,ESCOLA MUNICIPAL SANTOS DUMONT,31003387,MG,Belo Horizonte,Urbana,A escola não está em área de localização diferenciada,Pública,"AVE MEM DE SA, 00600 SANTA EFIGENIA. 30260-270 Belo Horizonte - MG.",(31) 32461005,Municipal,Não Informado,Não,Sim,Entre 501 e 1000 matrículas de escolarização,"Educação Infantil, Ensino Fundamental","Atendimento Educacional Especializado, Atividade Complementar",-19.92231377,-43.91192052
ESCOLA EM FUNCIONAMENTO E SEM RESTRIÇÃO DE ATENDIMENTO,ESCOLA MUNICIPAL SEBASTIAO GUILHERME DE OLIVEIRA,31003409,MG,Belo Horizonte,Urbana,A escola não está em área de localização diferenciada,Pública,"RUA CALENDULA, 00010 OLARIA. 30660-440 Belo Horizonte - MG.",(31) 32775836,Municipal,Não Informado,Não,Sim,Entre 501 e 1000 matrículas de escolarização,"Educação Infantil, Ensino Fundamental",Atividade Complementar,-19.98953329,-44.02968365
ESCOLA EM FUNCIONAMENTO E SEM RESTRIÇÃO DE ATENDIMENTO,ESCOLA MUNICIPAL SENADOR LEVINDO COELHO,31003417,MG,Belo Horizonte,Urbana,A escola não está em área de localização diferenciada,Pública,"RUA CARACA, 850 MANGABEIRAS. 30220-260 Belo Horizonte - MG.",(31) 32775139,Municipal,Não Informado,Não,Sim,Entre 501 e 1000 matrículas de escolarização,"Ensino Fundamental, Educação de Jovens Adultos","Atendimento Educacional Especializado, Atividade Complementar",-19.94408,-43.91478
ESCOLA EM FUNCIONAMENTO E SEM RESTRIÇÃO DE ATENDIMENTO,ESCOLA MUNICIPAL TENENTE MANOEL MAGALHAES PENIDO,31003425,MG,Belo Horizonte,Urbana,A escola não está em área de localização diferenciada,Pública,"RUA AMUR, 60 BETANIA. 30590-360 Belo Horizonte - MG.",(31) 33831011,Municipal,Não Informado,Não,Sim,Entre 201 e 500 matrículas de escolarização,Ensino Fundamental,Atividade Complementar,-19.96267,-43.99711
ESCOLA EM FUNCIONAMENTO E SEM RESTRIÇÃO DE ATENDIMENTO,ESCOLA MUNICIPAL WLADIMIR DE PAULA GOMES,31003433,MG,Belo Horizonte,Urbana,A escola não está em área de localização diferenciada,Pública,"RUA UARIRA, 350 CASA BRANCA. 31050-138 Belo Horizonte - MG.",(31) 32775642,Municipal,Não Informado,Não,Sim,Entre 501 e 1000 matrículas de escolarização,Ensino Fundamental,Atividade Complementar,-19.89955036,-43.89068762
ESCOLA EM FUNCIONAMENTO E SEM RESTRIÇÃO DE ATENDIMENTO,ESCOLA MUNICIPAL IMACO,31003441,MG,Belo Horizonte,Urbana,A escola não está em área de localização diferenciada,Pública,"RUA GONCALVES DIAS, 1180 BOA VIAGEM. 30140-096 Belo Horizonte - MG.",(31) 32777763,Municipal,Não Informado,Não,Sim,Entre 201 e 500 matrículas de escolarização,"Educação Infantil, Ensino Fundamental, Educação de Jovens Adultos","Atendimento Educacional Especializado, Atividade Complementar",-19.93103333,-43.93569
ESCOLA EM FUNCIONAMENTO E SEM RESTRIÇÃO DE ATENDIMENTO,ESCOLA MUNICIPAL ADAUTO LUCIO CARDOSO,31003450,MG,Belo Horizonte,Urbana,A escola não está em área de localização diferenciada,Pública,"RUA ERNESTO GAZZOLLI, 164 CEU AZUL. 31580-160 Belo Horizonte - MG.",(31) 32777302,Municipal,Não Informado,Não,Sim,Mais de 1000 matrículas de escolarização,"Educação Infantil, Ensino Fundamental, Educação de Jovens Adultos",Atividade Complementar,-19.81608,-43.99822
ESCOLA EM FUNCIONAMENTO E SEM RESTRIÇÃO DE ATENDIMENTO,ESCOLA MUNICIPAL GRACY VIANNA LAGE,31003468,MG,Belo Horizonte,Urbana,A escola não está em área de localização diferenciada,Pública,"RUA JOAO SOARES LEAL, 23 JARDIM DOS COMERCIARIOS. 31650-230 Belo Horizonte - MG.",(31) 32775567,Municipal,Não Informado,Não,Sim,Entre 501 e 1000 matrículas de escolarização,"Ensino Fundamental, Educação de Jovens Adultos","Atendimento Educacional Especializado, Atividade Complementar",-19.78919397,-43.97143495
ESCOLA EM FUNCIONAMENTO E SEM RESTRIÇÃO DE ATENDIMENTO,ESCOLA MUNICIPAL ANTONIA FERREIRA,31003476,MG,Belo Horizonte,Urbana,A escola não está em área de localização diferenciada,Pública,"RUA JOAO GUALBERTO DE ABREU, 00010 SAO JOAO BATISTA. 31510-480 Belo Horizonte - MG.",(31) 32775420,Municipal,Não Informado,Não,Sim,Entre 501 e 1000 matrículas de escolarização,"Educação Infantil, Ensino Fundamental",Atividade Complementar,-19.81867333,-43.962265
ESCOLA EM FUNCIONAMENTO E SEM RESTRIÇÃO DE ATENDIMENTO,ESCOLA MUNICIPAL HILDA RABELLO MATTA,31003484,MG,Belo Horizonte,Urbana,A escola não está em área de localização diferenciada,Pública,"RUA JOVENTINA DA ROCHA, 72 HELIOPOLIS. 31741-450 Belo Horizonte - MG.",(31) 32777408,Municipal,Não Informado,Não,Sim,Entre 501 e 1000 matrículas de escolarização,"Educação Infantil, Ensino Fundamental","Atendimento Educacional Especializado, Atividade Complementar",-19.84462932,-43.93433445
ESCOLA EM FUNCIONAMENTO E SEM RESTRIÇÃO DE ATENDIMENTO,ESCOLA MUNICIPAL ANTONIO GOMES HORTA,31003492,MG,Belo Horizonte,Urbana,A escola não está em área de localização diferenciada,Pública,"RUA ANTONIO JOSE DE OLIVEIRA, 161 MINASCAIXA. 31610-300 Belo Horizonte - MG.",(31) 32775422,Municipal,Não Informado,Não,Sim,Entre 201 e 500 matrículas de escolarização,"Educação Infantil, Ensino Fundamental",Atividade Complementar,-19.8119035,-43.95547388
ESCOLA EM FUNCIONAMENTO E SEM RESTRIÇÃO DE ATENDIMENTO,ESCOLA MUNICIPAL JOAQUIM DOS SANTOS,31003506,MG,Belo Horizonte,Urbana,A escola não está em área de localização diferenciada,Pública,"RUA ANTONIO JOSE DOS SANTOS, 00300 CEU AZUL. 31580-000 Belo Horizonte - MG.",(31) 32777305,Municipal,Não Informado,Não,Sim,Entre 501 e 1000 matrículas de escolarização,"Educação Infantil, Ensino Fundamental, Educação de Jovens Adultos",Atividade Complementar,-19.82557,-43.99604
ESCOLA EM FUNCIONAMENTO E SEM RESTRIÇÃO DE ATENDIMENTO,ESCOLA MUNICIPAL CONEGO RAIMUNDO TRINDADE,31003514,MG,Belo Horizonte,Urbana,A escola não está em área de localização diferenciada,Pública,"RUA BRODOSQUI, 51 PIRATININGA. 31573-050 Belo Horizonte - MG.",(31) 987429066,Municipal,Não Informado,Não,Sim,Entre 501 e 1000 matrículas de escolarização,"Ensino Fundamental, Educação de Jovens Adultos",Atividade Complementar,-19.80607,-43.98885
ESCOLA EM FUNCIONAMENTO E SEM RESTRIÇÃO DE ATENDIMENTO,ESCOLA MUNICIPAL JOSEFINA SOUZA LIMA,31003522,MG,Belo Horizonte,Urbana,A escola não está em área de localização diferenciada,Pública,"RUA MARIA ORTIZ, 195 MINASLANDIA. 31810-310 Belo Horizonte - MG.",(31) 32776764,Municipal,Não Informado,Não,Sim,Entre 201 e 500 matrículas de escolarização,"Ensino Fundamental, Educação de Jovens Adultos","Atendimento Educacional Especializado, Atividade Complementar",-19.85638726,-43.93095606
ESCOLA EM FUNCIONAMENTO E SEM RESTRIÇÃO DE ATENDIMENTO,ESCOLA MUNICIPAL CONSUL ANTONIO CADAR,31003531,MG,Belo Horizonte,Urbana,A escola não está em área de localização diferenciada,Pública,"RUA PARNAIBA, 21 MINASLANDIA. 31812-280 Belo Horizonte - MG.",(31) 32776777,Municipal,Não Informado,Não,Sim,Entre 501 e 1000 matrículas de escolarização,Ensino Fundamental,Atividade Complementar,-19.85061,-43.92718
ESCOLA EM FUNCIONAMENTO E SEM RESTRIÇÃO DE ATENDIMENTO,ESCOLA MUNICIPAL JOSE MADUREIRA HORTA,31003549,MG,Belo Horizonte,Urbana,A escola não está em área de localização diferenciada,Pública,"RUA JOAQUIM RAYMUNDO BRAGA, 00040 SANTA AMELIA. 31555-380 Belo Horizonte - MG.",(31) 32777849,Municipal,Não Informado,Não,Sim,Entre 501 e 1000 matrículas de escolarização,Ensino Fundamental,Atividade Complementar,-19.83577,-43.97981
ESCOLA EM FUNCIONAMENTO E SEM RESTRIÇÃO DE ATENDIMENTO,ESCOLA MUNICIPAL CORA CORALINA,31003557,MG,Belo Horizonte,Urbana,A escola não está em área de localização diferenciada,Pública,"RUA LISBOA, 00054 COPACABANA. 31550-130 Belo Horizonte - MG.",(31) 32777307,Municipal,Não Informado,Não,Sim,Entre 501 e 1000 matrículas de escolarização,"Educação Infantil, Ensino Fundamental, Educação de Jovens Adultos","Atendimento Educacional Especializado, Atividade Complementar",-19.83581,-43.99033
ESCOLA EM FUNCIONAMENTO E SEM RESTRIÇÃO DE ATENDIMENTO,ESCOLA MUNICIPAL JOSE MARIA ALKMIM,31003565,MG,Belo Horizonte,Urbana,A escola não está em área de localização diferenciada,Pública,"RUA BENIGNO FAGUNDES DA SILVA, 33 SERRA VERDE. 31630-070 Belo Horizonte - MG.",(31) 32775489,Municipal,Não Informado,Não,Sim,Entre 501 e 1000 matrículas de escolarização,"Educação Infantil, Ensino Fundamental, Educação de Jovens Adultos","Atendimento Educacional Especializado, Atividade Complementar",-19.79823223,-43.95429287
ESCOLA EM FUNCIONAMENTO E SEM RESTRIÇÃO DE ATENDIMENTO,ESCOLA MUNICIPAL DESEMBARGADOR LORETO RIBEIRO DE ABREU,31003573,MG,Belo Horizonte,Urbana,A escola não está em área de localização diferenciada,Pública,"RUA MARCOS DONATO DE LIMA, 520 RIBEIRO DE ABREU. 31872-410 Belo Horizonte - MG.",(31) 32776663,Municipal,Não Informado,Não,Sim,Entre 501 e 1000 matrículas de escolarização,Ensino Fundamental,Atividade Complementar,-19.81771649,-43.90197347
ESCOLA EM FUNCIONAMENTO E SEM RESTRIÇÃO DE ATENDIMENTO,ESCOLA MUNICIPAL LIDIA ANGELICA,31003581,MG,Belo Horizonte,Urbana,A escola não está em área de localização diferenciada,Pública,"RUA CORONEL INDIO DO BRASIL, 64 ITAPOA. 31710-640 Belo Horizonte - MG.",(31) 32777322,Municipal,Não Informado,Não,Sim,Entre 501 e 1000 matrículas de escolarização,"Educação Infantil, Ensino Fundamental","Atendimento Educacional Especializado, Atividade Complementar",-19.83855166,-43.95835734
ESCOLA EM FUNCIONAMENTO E SEM RESTRIÇÃO DE ATENDIMENTO,ESCOLA MUNICIPAL DORA TOMICH LAENDER,31003590,MG,Belo Horizonte,Urbana,A escola não está em área de localização diferenciada,Pública,"RUA JULITA NUNES LIMA, 53 CONJUNTO MINASCAIXA. 31615-140 Belo Horizonte - MG.",(31) 32775555,Municipal,Não Informado,Não,Sim,Entre 201 e 500 matrículas de escolarização,"Ensino Fundamental, Educação de Jovens Adultos",Atividade Complementar,-19.80610667,-43.959425
ESCOLA EM FUNCIONAMENTO E SEM RESTRIÇÃO DE ATENDIMENTO,ESCOLA MUNICIPAL MARIA SILVEIRA,31003603,MG,Belo Horizonte,Urbana,A escola não está em área de localização diferenciada,Pública,"RUA LIBANIA PENA, 201 SAO BERNARDO. 31741-318 Belo Horizonte - MG.",(31) 32777406,Municipal,Não Informado,Não,Sim,Entre 501 e 1000 matrículas de escolarização,Ensino Fundamental,Atividade Complementar,-19.84772473,-43.9444964
ESCOLA EM FUNCIONAMENTO E SEM RESTRIÇÃO DE ATENDIMENTO,ESCOLA MUNICIPAL ELISA BUZELIN,31003611,MG,Belo Horizonte,Urbana,A escola não está em área de localização diferenciada,Pública,"RUA JAIR AFONSO INACIO, 00277 PIRATININGA. 31570-430 Belo Horizonte - MG.",(31) 32775576,Municipal,Não Informado,Não,Sim,Entre 201 e 500 matrículas de escolarização,Ensino Fundamental,Atividade Complementar,-19.80501948,-43.98274515
ESCOLA EM FUNCIONAMENTO E SEM RESTRIÇÃO DE ATENDIMENTO,ESCOLA MUNICIPAL MARIO MOURAO FILHO,31003620,MG,Belo Horizonte,Urbana,A escola não está em área de localização diferenciada,Pública,"RUA MARIA GERTRUDES SANTOS, 01029 CEU AZUL. 31578-300 Belo Horizonte - MG.",(31) 32775594,Municipal,Não Informado,Não,Sim,Entre 501 e 1000 matrículas de escolarização,"Educação Infantil, Ensino Fundamental",Atividade Complementar,-19.81228667,-44.00422
ESCOLA EM FUNCIONAMENTO E SEM RESTRIÇÃO DE ATENDIMENTO,ESCOLA MUNICIPAL FRANCISCO CAMPOS,31003638,MG,Belo Horizonte,Urbana,A escola não está em área de localização diferenciada,Pública,"RUA HERALDO BELISARIO, 190 TUPI A. 31842-290 Belo Horizonte - MG.",(31) 32776775,Municipal,Não Informado,Não,Sim,Entre 501 e 1000 matrículas de escolarização,"Educação Infantil, Ensino Fundamental","Atendimento Educacional Especializado, Atividade Complementar",-19.8346,-43.92272
ESCOLA EM FUNCIONAMENTO E SEM RESTRIÇÃO DE ATENDIMENTO,ESCOLA MUNICIPAL MILTON CAMPOS,31003646,MG,Belo Horizonte,Urbana,A escola não está em área de localização diferenciada,Pública,"RUA JOVINO RODRIGUES PEGO, 195 MANTIQUEIRA. 31660-250 Belo Horizonte - MG.",(31) 32775581,Municipal,Não Informado,Não,Sim,Entre 501 e 1000 matrículas de escolarização,"Educação Infantil, Ensino Fundamental","Atendimento Educacional Especializado, Atividade Complementar",-19.79643243,-43.98475915
ESCOLA EM FUNCIONAMENTO E SEM RESTRIÇÃO DE ATENDIMENTO,ESCOLA MUNICIPAL MINERVINA AUGUSTA,31003662,MG,Belo Horizonte,Urbana,A escola não está em área de localização diferenciada,Pública,"RUA DAVID CANABARRO, 00018 CAMPO ALEGRE. 31730-200 Belo Horizonte - MG.",(31) 32777340,Municipal,Não Informado,Não,Sim,Entre 201 e 500 matrículas de escolarização,"Educação Infantil, Ensino Fundamental, Educação de Jovens Adultos",Atividade Complementar,-19.82964109,-43.94696747
ESCOLA EM FUNCIONAMENTO E SEM RESTRIÇÃO DE ATENDIMENTO,ESCOLA MUNICIPAL MOYSES KALIL,31003671,MG,Belo Horizonte,Urbana,A escola não está em área de localização diferenciada,Pública,"RUA AFONSO PEREIRA DA SILVA, 00010 MANTIQUEIRA. 31655-010 Belo Horizonte - MG.",(31) 32775580,Municipal,Não Informado,Não,Sim,Mais de 1000 matrículas de escolarização,"Educação Infantil, Ensino Fundamental, Educação de Jovens Adultos","Atendimento Educacional Especializado, Atividade Complementar",-19.78987326,-43.98211632
ESCOLA EM FUNCIONAMENTO E SEM RESTRIÇÃO DE ATENDIMENTO,ESCOLA MUNICIPAL PRESIDENTE TANCREDO NEVES,31003689,MG,Belo Horizonte,Urbana,A escola não está em área de localização diferenciada,Pública,"RUA RADIALISTA JOAQUIM DA FONSECA, 00045 CEU AZUL. 31578-590 Belo Horizonte - MG.",(31) 32775585,Municipal,Não Informado,Não,Sim,Entre 501 e 1000 matrículas de escolarização,"Educação Infantil, Ensino Fundamental","Atendimento Educacional Especializado, Atividade Complementar",-19.8183444,-44.00249569
ESCOLA EM FUNCIONAMENTO E SEM RESTRIÇÃO DE ATENDIMENTO,ESCOLA MUNICIPAL PROFESSORA ACIDALIA LOTT,31003697,MG,Belo Horizonte,Urbana,A escola não está em área de localização diferenciada,Pública,"RUA ANTONIO MARIANO DE ABREU, 1231 PAULO VI. 31995-000 Belo Horizonte - MG.",(31) 32776691,Municipal,Não Informado,Não,Sim,Mais de 1000 matrículas de escolarização,"Ensino Fundamental, Educação de Jovens Adultos",Atividade Complementar,-19.83467298,-43.8905438
ESCOLA EM FUNCIONAMENTO E SEM RESTRIÇÃO DE ATENDIMENTO,ESCOLA MUNICIPAL PROFESSORA CONSUELITA CANDIDA,31003701,MG,Belo Horizonte,Urbana,A escola não está em área de localização diferenciada,Pública,"RUA DOM SILVERIO GOMES PIMENTA, 301 BELMONTE. 31870-750 Belo Horizonte - MG.",(31) 32776799,Municipal,Não Informado,Não,Sim,Entre 201 e 500 matrículas de escolarização,Ensino Fundamental,Atividade Complementar,-19.84513376,-43.89980456
ESCOLA EM FUNCIONAMENTO E SEM RESTRIÇÃO DE ATENDIMENTO,ESCOLA MUNICIPAL PROFESSORA HELENA ABDALLA,31003719,MG,Belo Horizonte,Urbana,A escola não está em área de localização diferenciada,Pública,"RUA ARNALDO LOURENCO, 602 POUSADA SANTO ANTONIO. 31970-190 Belo Horizonte - MG.",(31) 32776748,Municipal,Não Informado,Não,Sim,Entre 501 e 1000 matrículas de escolarização,"Educação Infantil, Ensino Fundamental, Educação de Jovens Adultos",Atividade Complementar,-19.85785082,-43.88349661
ESCOLA EM FUNCIONAMENTO E SEM RESTRIÇÃO DE ATENDIMENTO,ESCOLA MUNICIPAL PROFESSORA ONDINA NOBRE,31003727,MG,Belo Horizonte,Urbana,A escola não está em área de localização diferenciada,Pública,"RUA RADIALISTA JOSE JUNQUILHO, 100 CEU AZUL. 31585-020 Belo Horizonte - MG.",(31) 32777309,Municipal,Não Informado,Não,Sim,Entre 501 e 1000 matrículas de escolarização,"Ensino Fundamental, Educação de Jovens Adultos",Atividade Complementar,-19.82511505,-44.0042962
ESCOLA EM FUNCIONAMENTO E SEM RESTRIÇÃO DE ATENDIMENTO,ESCOLA MUNICIPAL PROFESSOR MILTON LAGE,31003735,MG,Belo Horizonte,Urbana,A escola não está em área de localização diferenciada,Pública,"RUA ITAGIBA MIRANDA RABELO, 70 VILA MARIA. 31975-350 Belo Horizonte - MG.",(31) 32776797,Municipal,Não Informado,Não,Sim,Entre 501 e 1000 matrículas de escolarização,Ensino Fundamental,Atividade Complementar,-19.85163343,-43.88490427
ESCOLA EM FUNCIONAMENTO E SEM RESTRIÇÃO DE ATENDIMENTO,ESCOLA MUNICIPAL PROFESSOR MOACYR ANDRADE,31003743,MG,Belo Horizonte,Urbana,A escola não está em área de localização diferenciada,Pública,"RUA DOS CACADORES, 93 LAGOA. 31575-320 Belo Horizonte - MG.",(31) 32775510,Municipal,Não Informado,Não,Sim,Entre 501 e 1000 matrículas de escolarização,"Ensino Fundamental, Educação de Jovens Adultos",Atividade Complementar,-19.80759748,-43.99702262
ESCOLA EM FUNCIONAMENTO E SEM RESTRIÇÃO DE ATENDIMENTO,ESCOLA MUNICIPAL PROFESSOR PEDRO GUERRA,31003751,MG,Belo Horizonte,Urbana,A escola não está em área de localização diferenciada,Pública,"RUA JOAO FERREIRA DA SILVA, 00230 MANTIQUEIRA. 31680-050 Belo Horizonte - MG.",(31) 32775514,Municipal,Não Informado,Não,Sim,Mais de 1000 matrículas de escolarização,"Educação Infantil, Ensino Fundamental, Educação de Jovens Adultos","Atendimento Educacional Especializado, Atividade Complementar",-19.80234833,-43.98770333
ESCOLA EM FUNCIONAMENTO E SEM RESTRIÇÃO DE ATENDIMENTO,ESCOLA MUNICIPAL DEPUTADO RENATO AZEREDO,31003760,MG,Belo Horizonte,Urbana,A escola não está em área de localização diferenciada,Pública,"RUA AGUA, 240 MARIA HELENA. 31680-430 Belo Horizonte - MG.",(31) 32775574,Municipal,Não Informado,Não,Sim,Entre 501 e 1000 matrículas de escolarização,"Educação Infantil, Ensino Fundamental",Atividade Complementar,-19.79645665,-43.99231612
ESCOLA EM FUNCIONAMENTO E SEM RESTRIÇÃO DE ATENDIMENTO,ESCOLA MUNICIPAL SEBASTIANA NOVAIS,31003778,MG,Belo Horizonte,Urbana,A escola não está em área de localização diferenciada,Pública,"RUA ANITA MALFATTI, 60 TUPI B. 31844-000 Belo Horizonte - MG.",(31) 988352299,Municipal,Não Informado,Não,Sim,Entre 501 e 1000 matrículas de escolarização,"Ensino Fundamental, Educação de Jovens Adultos",Atividade Complementar,-19.84205,-43.91928
ESCOLA EM FUNCIONAMENTO E SEM RESTRIÇÃO DE ATENDIMENTO,ESCOLA MUNICIPAL SECRETARIO HUMBERTO ALMEIDA,31003786,MG,Belo Horizonte,Urbana,A escola não está em área de localização diferenciada,Pública,"TRV SERRA DO ITATIAIA, 03 RIBEIRO DE ABREU. 31872-403 Belo Horizonte - MG.",(31) 32776667,Municipal,Não Informado,Não,Sim,Entre 501 e 1000 matrículas de escolarização,"Ensino Fundamental, Educação de Jovens Adultos","Atendimento Educacional Especializado, Atividade Complementar",-19.82219,-43.90259
ESCOLA EM FUNCIONAMENTO E SEM RESTRIÇÃO DE ATENDIMENTO,ESCOLA MUNICIPAL TANCREDO PHIDEAS GUIMARAES,31003794,MG,Belo Horizonte,Urbana,A escola não está em área de localização diferenciada,Pública,"RUA SATURNO, 400 PARQUE SAO PEDRO. 31610-220 Belo Horizonte - MG.",(31) 32775425,Municipal,Não Informado,Não,Sim,Entre 501 e 1000 matrículas de escolarização,Ensino Fundamental,"Atendimento Educacional Especializado, Atividade Complementar",-19.81469632,-43.95023272
ESCOLA EM FUNCIONAMENTO E SEM RESTRIÇÃO DE ATENDIMENTO,ESCOLA MUNICIPAL TRISTAO DA CUNHA,31003808,MG,Belo Horizonte,Urbana,A escola não está em área de localização diferenciada,Pública,"RUA DOUTOR JOSE FEROLLA, 00080 PLANALTO. 31730-680 Belo Horizonte - MG.",(31) 32777342,Municipal,Não Informado,Não,Sim,Entre 501 e 1000 matrículas de escolarização,"Educação Infantil, Ensino Fundamental",Atividade Complementar,-19.83753,-43.94308
ESCOLA EM FUNCIONAMENTO E SEM RESTRIÇÃO DE ATENDIMENTO,ESCOLA MUNICIPAL VICENTE GUIMARAES,31003816,MG,Belo Horizonte,Urbana,A escola não está em área de localização diferenciada,Pública,"RUA IZAURA PEREIRA ALMEIDA, 00110 LETICIA. 31570-360 Belo Horizonte - MG.",(31) 32775593,Municipal,Não Informado,Não,Sim,Entre 201 e 500 matrículas de escolarização,"Educação Infantil, Ensino Fundamental",Atividade Complementar,-19.80962,-43.98019
ESCOLA EM FUNCIONAMENTO E SEM RESTRIÇÃO DE ATENDIMENTO,ESCOLA MUNICIPAL GERALDO TEIXEIRA DA COSTA,31003824,MG,Belo Horizonte,Urbana,A escola não está em área de localização diferenciada,Pública,"RUA MARCIO LIMA PAIXAO, 00009 RIO BRANCO. 31535-090 Belo Horizonte - MG.",(31) 32771840,Municipal,Não Informado,Não,Sim,Mais de 1000 matrículas de escolarização,"Ensino Fundamental, Educação de Jovens Adultos","Atendimento Educacional Especializado, Atividade Complementar",-19.81515,-43.97632
ESCOLA EM FUNCIONAMENTO E SEM RESTRIÇÃO DE ATENDIMENTO,ESCOLA MUNICIPAL PROFESSOR LOURENCO DE OLIVEIRA,31005291,MG,Belo Horizonte,Urbana,A escola não está em área de localização diferenciada,Pública,"RUA SAO GOTARDO, 321 SANTA TEREZA. 31010-400 Belo Horizonte - MG.",(31) 32775774,Municipal,Não Informado,Não,Sim,Entre 201 e 500 matrículas de escolarização,"Educação Infantil, Ensino Fundamental, Educação de Jovens Adultos","Atendimento Educacional Especializado, Atividade Complementar",-19.91330973,-43.91113889
ESCOLA EM FUNCIONAMENTO E SEM RESTRIÇÃO DE ATENDIMENTO,UFMG - TEATRO UNIVERSITARIO,31007643,MG,Belo Horizonte,Urbana,A escola não está em área de localização diferenciada,Pública,"AVENIDA PRESIDENTE ANTONIO CARLOS, 6627 PAMPULHA. 31270-901 Belo Horizonte - MG.",(31) 34097468,Federal,Não Informado,Não,Sim,Entre 51 e 200 matrículas de escolarização,Educação Profissional,,-19.86264115,-43.96006249
ESCOLA EM FUNCIONAMENTO E SEM RESTRIÇÃO DE ATENDIMENTO,ESCOLA MUNICIPAL DE EDUCACAO INFANTIL MARIA DA GLORIA LOMMEZ,31205681,MG,Belo Horizonte,Urbana,A escola não está em área de localização diferenciada,Pública,"RUA CARMO DO RIO CLARO, 145 PEDREIRA PRADO LOPES. 31210-680 Belo Horizonte - MG.",(31) 988883254,Municipal,Não Informado,Não,Sim,Entre 201 e 500 matrículas de escolarização,Educação Infantil,,-19.90371,-43.950195
ESCOLA EM FUNCIONAMENTO E SEM RESTRIÇÃO DE ATENDIMENTO,ESCOLA MUNICIPAL IGNACIO DE ANDRADE MELO,31205699,MG,Belo Horizonte,Urbana,A escola não está em área de localização diferenciada,Pública,"RUA VIOLETA DE MELO, 1005 JARDIM SAO JOSE. 30820-650 Belo Horizonte - MG.",(31) 32777246,Municipal,Não Informado,Não,Sim,Entre 501 e 1000 matrículas de escolarização,"Educação Infantil, Ensino Fundamental, Educação de Jovens Adultos",Atividade Complementar,-19.90055,-43.99811
ESCOLA EM FUNCIONAMENTO E SEM RESTRIÇÃO DE ATENDIMENTO,ESCOLA MUNICIPAL DE EDUCACAO INFANTIL MARIA SALES FERREIRA,31205702,MG,Belo Horizonte,Urbana,A escola não está em área de localização diferenciada,Pública,"RUA DAS CANOAS, 150 BETANIA. 30590-232 Belo Horizonte - MG.",(31) 32779165,Municipal,Não Informado,Não,Sim,Entre 201 e 500 matrículas de escolarização,Educação Infantil,,-19.95953,-43.99298
ESCOLA EM FUNCIONAMENTO E SEM RESTRIÇÃO DE ATENDIMENTO,ESCOLA MUNICIPAL PROFESSOR TABAJARA PEDROSO,31206521,MG,Belo Horizonte,Urbana,A escola não está em área de localização diferenciada,Pública,"RUA GERALDO ANUNCIACAO, 45 RIO BRANCO. 31535-504 Belo Horizonte - MG.",(31) 32775426,Municipal,Não Informado,Não,Sim,Entre 501 e 1000 matrículas de escolarização,"Educação Infantil, Ensino Fundamental, Educação de Jovens Adultos","Atendimento Educacional Especializado, Atividade Complementar",-19.81198723,-43.97930922
ESCOLA EM FUNCIONAMENTO E SEM RESTRIÇÃO DE ATENDIMENTO,ESCOLA MUNICIPAL DE EDUCACAO INFANTIL VEREADOR ANTONIO MENEZES,31206539,MG,Belo Horizonte,Urbana,A escola não está em área de localização diferenciada,Pública,"RUA LUIZ FURTADO FILHO, 10 LETICIA. 31570-220 Belo Horizonte - MG.",(31) 32775591,Municipal,Não Informado,Não,Sim,Entre 51 e 200 matrículas de escolarização,Educação Infantil,,-19.80854,-43.97894
ESCOLA EM FUNCIONAMENTO E SEM RESTRIÇÃO DE ATENDIMENTO,ESCOLA MUNICIPAL HENRIQUETA LISBOA,31212768,MG,Belo Horizonte,Urbana,A escola não está em área de localização diferenciada,Pública,"RUA GEORGINA PADUA, 297 PENHA. 31920-270 Belo Horizonte - MG.",(31) 32775655,Municipal,Não Informado,Não,Sim,Entre 501 e 1000 matrículas de escolarização,Ensino Fundamental,"Atendimento Educacional Especializado, Atividade Complementar",-19.87437911,-43.91412439
ESCOLA EM FUNCIONAMENTO E SEM RESTRIÇÃO DE ATENDIMENTO,ESCOLA MUNICIPAL DULCE MARIA HOMEM,31212776,MG,Belo Horizonte,Urbana,A escola não está em área de localização diferenciada,Pública,"RUA TRES MARIAS, 00221 MIRAMAR. 30644-030 Belo Horizonte - MG.",(31) 32775945,Municipal,Não Informado,Não,Sim,Entre 501 e 1000 matrículas de escolarização,"Educação Infantil, Ensino Fundamental","Atendimento Educacional Especializado, Atividade Complementar",-19.99476763,-44.01268786
ESCOLA EM FUNCIONAMENTO E SEM RESTRIÇÃO DE ATENDIMENTO,ESCOLA MUNICIPAL PROFESSOR EDSON PISANI,31212784,MG,Belo Horizonte,Urbana,A escola não está em área de localização diferenciada,Pública,"RUA NOSSA SENHORA DE FATIMA, 1015 NOSSA SENHORA DE FATIMA. 30230-000 Belo Horizonte - MG.",(31) 32775257,Municipal,Não Informado,Não,Sim,Entre 501 e 1000 matrículas de escolarização,"Ensino Fundamental, Educação de Jovens Adultos",Atividade Complementar,-19.93809739,-43.90781928
ESCOLA EM FUNCIONAMENTO E SEM RESTRIÇÃO DE ATENDIMENTO,ESCOLA MUNICIPAL JARDIM FELICIDADE,31212792,MG,Belo Horizonte,Urbana,A escola não está em área de localização diferenciada,Pública,"RUA QUARENTA E SETE A, 250 JARDIM FELICIDADE. 31742-420 Belo Horizonte - MG.",(31) 32776779,Municipal,Não Informado,Não,Sim,Entre 201 e 500 matrículas de escolarização,"Ensino Fundamental, Educação de Jovens Adultos","Atendimento Educacional Especializado, Atividade Complementar",-19.82396777,-43.93087344
ESCOLA EM FUNCIONAMENTO E SEM RESTRIÇÃO DE ATENDIMENTO,ESCOLA MUNICIPAL AURELIO BUARQUE DE HOLANDA,31217786,MG,Belo Horizonte,Urbana,A escola não está em área de localização diferenciada,Pública,"RUA FORTUNATO BRUNO DINIZ, 40 LINDEIA. 30690-700 Belo Horizonte - MG.",(31) 32775847,Municipal,Não Informado,Não,Sim,Entre 501 e 1000 matrículas de escolarização,"Ensino Fundamental, Educação de Jovens Adultos",Atividade Complementar,-19.97711124,-44.05795209
ESCOLA EM FUNCIONAMENTO E SEM RESTRIÇÃO DE ATENDIMENTO,ESCOLA MUNICIPAL MARLENE PEREIRA RANCANTE,31217794,MG,Belo Horizonte,Urbana,A escola não está em área de localização diferenciada,Pública,"RUA DOS COMERCIANTES, 00038 ALIPIO DE MELO. 30840-040 Belo Horizonte - MG.",(31) 32777166,Municipal,Não Informado,Não,Sim,Entre 501 e 1000 matrículas de escolarização,"Educação Infantil, Ensino Fundamental","Atendimento Educacional Especializado, Atividade Complementar",-19.89649358,-44.00195086
ESCOLA ATENDE EXCLUSIVAMENTE ALUNOS COM DEFICIÊNCIA,ESCOLA MUNICIPAL SANTO ANTONIO,31217808,MG,Belo Horizonte,Urbana,A escola não está em área de localização diferenciada,Pública,"RUA CARANGOLA, 00288 2º ANDAR. SANTO ANTONIO. 30330-240 Belo Horizonte - MG.",(31) 32778584,Municipal,Não Informado,Não,Sim,Entre 51 e 200 matrículas de escolarização,Ensino Fundamental,Atividade Complementar,-19.94106466,-43.94274021
ESCOLA ATENDE EXCLUSIVAMENTE ALUNOS COM DEFICIÊNCIA,ESCOLA MUNICIPAL DE ENSINO ESPECIAL DO BAIRRO VENDA NOVA,31217816,MG,Belo Horizonte,Urbana,A escola não está em área de localização diferenciada,Pública,"RUA CARLOS TORREZANI, 00190 LETICIA. 31570-340 Belo Horizonte - MG.",(31) 32775579,Municipal,Não Informado,Não,Sim,Entre 51 e 200 matrículas de escolarização,Ensino Fundamental,,-19.80863167,-43.97899
ESCOLA EM FUNCIONAMENTO E SEM RESTRIÇÃO DE ATENDIMENTO,ESCOLA MUNICIPAL ELOY HERALDO LIMA,31217824,MG,Belo Horizonte,Urbana,A escola não está em área de localização diferenciada,Pública,"RUA ENGRACIA COSTA E SILVA, 56 VALE DO JATOBA. 30664-800 Belo Horizonte - MG.",(31) 32775864,Municipal,Não Informado,Não,Sim,Entre 501 e 1000 matrículas de escolarização,"Educação Infantil, Ensino Fundamental, Educação de Jovens Adultos","Atendimento Educacional Especializado, Atividade Complementar",-20.00497391,-44.04160917
ESCOLA EM FUNCIONAMENTO E SEM RESTRIÇÃO DE ATENDIMENTO,ESCOLA MUNICIPAL LUIZ GONZAGA JUNIOR,31217832,MG,Belo Horizonte,Urbana,A escola não está em área de localização diferenciada,Pública,"RUA MARIA PEREIRA DAMASCENO, 65 ERNESTO DO NASCIMENTO. 30668-430 Belo Horizonte - MG.",(31) 32778934,Municipal,Não Informado,Não,Sim,Entre 501 e 1000 matrículas de escolarização,"Educação Infantil, Ensino Fundamental, Educação de Jovens Adultos",Atividade Complementar,-20.008795,-44.03242333
ESCOLA EM FUNCIONAMENTO E SEM RESTRIÇÃO DE ATENDIMENTO,ESCOLA MUNICIPAL VINICIUS DE MORAES,31217841,MG,Belo Horizonte,Urbana,A escola não está em área de localização diferenciada,Pública,"RUA SEBASTIAO MOREIRA, 409 TIROL. 30662-180 Belo Horizonte - MG.",(31) 32775838,Municipal,Não Informado,Não,Sim,Mais de 1000 matrículas de escolarização,"Educação Infantil, Ensino Fundamental",Atividade Complementar,-19.9901072,-44.03900089
ESCOLA EM FUNCIONAMENTO E SEM RESTRIÇÃO DE ATENDIMENTO,ESCOLA MUNICIPAL DA VILA PINHO,31217859,MG,Belo Horizonte,Urbana,A escola não está em área de localização diferenciada,Pública,"RUA COLETORA, 00956 VILA PINHO. 30670-050 Belo Horizonte - MG.",(31) 32775891,Municipal,Não Informado,Não,Sim,Entre 501 e 1000 matrículas de escolarização,"Ensino Fundamental, Educação de Jovens Adultos",Atividade Complementar,-20.0036324,-44.0232628
ESCOLA EM FUNCIONAMENTO E SEM RESTRIÇÃO DE ATENDIMENTO,ESCOLA MUNICIPAL EDITH PIMENTA DA VEIGA,31217867,MG,Belo Horizonte,Urbana,A escola não está em área de localização diferenciada,Pública,"ALA VARGEM GRANDE, 38 CASTANHEIRA. 30668-160 Belo Horizonte - MG.",(31) 32775862,Municipal,Não Informado,Não,Sim,Entre 501 e 1000 matrículas de escolarização,"Educação Infantil, Ensino Fundamental, Educação de Jovens Adultos",Atividade Complementar,-19.99622243,-44.03064229
ESCOLA EM FUNCIONAMENTO E SEM RESTRIÇÃO DE ATENDIMENTO,ESCOLA MUNICIPAL FERNANDO DIAS COSTA,31217875,MG,Belo Horizonte,Urbana,A escola não está em área de localização diferenciada,Pública,"RUA PEDRO ALEXANDRINO MENDONCA, 59 CONJUNTO TAQUARIL. 30290-590 Belo Horizonte - MG.",(31) 32775761,Municipal,Não Informado,Não,Sim,Entre 501 e 1000 matrículas de escolarização,"Ensino Fundamental, Educação de Jovens Adultos","Atendimento Educacional Especializado, Atividade Complementar",-19.91944667,-43.8777
ESCOLA EM FUNCIONAMENTO E SEM RESTRIÇÃO DE ATENDIMENTO,ESCOLA MUNICIPAL MURILO RUBIAO,31217883,MG,Belo Horizonte,Urbana,A escola não está em área de localização diferenciada,Pública,"RUA UM, 10 ACAIACA. 31990-365 Belo Horizonte - MG.",(31) 32776728,Municipal,Não Informado,Não,Sim,Mais de 1000 matrículas de escolarização,"Educação Infantil, Ensino Fundamental",Atividade Complementar,-19.84703,-43.89622
ESCOLA EM FUNCIONAMENTO E SEM RESTRIÇÃO DE ATENDIMENTO,ESCOLA MUNICIPAL FRANCISCO MAGALHAES GOMES,31217891,MG,Belo Horizonte,Urbana,A escola não está em área de localização diferenciada,Pública,"RUA DOS MAMOEIROS, 98 VILA CLORIS. 31744-060 Belo Horizonte - MG.",(31) 32775493,Municipal,Não Informado,Não,Sim,Entre 501 e 1000 matrículas de escolarização,Ensino Fundamental,"Atendimento Educacional Especializado, Atividade Complementar",-19.82117764,-43.94967603
ESCOLA EM FUNCIONAMENTO E SEM RESTRIÇÃO DE ATENDIMENTO,ESCOLA MUNICIPAL PADRE FRANCISCO CARVALHO MOREIRA,31218618,MG,Belo Horizonte,Urbana,A escola não está em área de localização diferenciada,Pública,"RUA ITAITUBA, 12 SAO GERALDO. 31050-714 Belo Horizonte - MG.",(31) 986522721,Municipal,Não Informado,Não,Sim,Entre 501 e 1000 matrículas de escolarização,"Educação Infantil, Ensino Fundamental, Educação de Jovens Adultos","Atendimento Educacional Especializado, Atividade Complementar",-19.89931663,-43.90416787
ESCOLA EM FUNCIONAMENTO E SEM RESTRIÇÃO DE ATENDIMENTO,ESCOLA MUNICIPAL ANNE FRANK,31219185,MG,Belo Horizonte,Urbana,A escola não está em área de localização diferenciada,Pública,"RUA CECILIA MAGALHAES GOMES, 445 CONFISCO. 31360-510 Belo Horizonte - MG.",(31) 32777189,Municipal,Não Informado,Não,Sim,Entre 501 e 1000 matrículas de escolarização,"Educação Infantil, Ensino Fundamental, Educação de Jovens Adultos","Atendimento Educacional Especializado, Atividade Complementar",-19.86703,-44.02012
ESCOLA EM FUNCIONAMENTO E SEM RESTRIÇÃO DE ATENDIMENTO,ESCOLA MUNICIPAL PROFESSORA MARIA MAZARELLO,31219193,MG,Belo Horizonte,Urbana,A escola não está em área de localização diferenciada,Pública,"RUA BENEDITO NEVES, 00045 NAZARE. 31990-160 Belo Horizonte - MG.",(31) 988883200,Municipal,Não Informado,Não,Sim,Entre 501 e 1000 matrículas de escolarização,Ensino Fundamental,Atividade Complementar,-19.8538028,-43.89273056
ESCOLA EM FUNCIONAMENTO E SEM RESTRIÇÃO DE ATENDIMENTO,ESCOLA MUNICIPAL OSWALDO FRANCA JUNIOR,31219223,MG,Belo Horizonte,Urbana,A escola não está em área de localização diferenciada,Pública,"RUA CIRCULAR, 00335 SAO GABRIEL. 31980-630 Belo Horizonte - MG.",(31) 32776754,Municipal,Não Informado,Não,Sim,Mais de 1000 matrículas de escolarização,"Ensino Fundamental, Educação de Jovens Adultos","Atendimento Educacional Especializado, Atividade Complementar",-19.85356,-43.91303
ESCOLA EM FUNCIONAMENTO E SEM RESTRIÇÃO DE ATENDIMENTO,ESCOLA MUNICIPAL SANTA TEREZINHA,31219231,MG,Belo Horizonte,Urbana,A escola não está em área de localização diferenciada,Pública,"RUA CONCEICAO DA APARECIDA, 00400 SANTA TEREZINHA. 31365-150 Belo Horizonte - MG.",(31) 32777107,Municipal,Não Informado,Não,Sim,Entre 501 e 1000 matrículas de escolarização,Ensino Fundamental,"Atendimento Educacional Especializado, Atividade Complementar",-19.8713,-44.00114
ESCOLA EM FUNCIONAMENTO E SEM RESTRIÇÃO DE ATENDIMENTO,ESCOLA MUNICIPAL PREFEITO OSWALDO PIERUCCETTI,31219398,MG,Belo Horizonte,Urbana,A escola não está em área de localização diferenciada,Pública,"RUA CAITITE, 309 CONJUNTO JARDIM FILADELFIA. 30860-330 Belo Horizonte - MG.",(31) 32777145,Municipal,Não Informado,Não,Sim,Entre 201 e 500 matrículas de escolarização,"Educação Infantil, Ensino Fundamental, Educação de Jovens Adultos","Atendimento Educacional Especializado, Atividade Complementar",-19.91002164,-44.00900623
ESCOLA EM FUNCIONAMENTO E SEM RESTRIÇÃO DE ATENDIMENTO,ESCOLA MUNICIPAL SOBRAL PINTO,31219550,MG,Belo Horizonte,Urbana,A escola não está em área de localização diferenciada,Pública,"RUA DAS ALMAS, 1120 CONJUNTO PAULO VI. 31998-020 Belo Horizonte - MG.",(31) 32777493,Municipal,Não Informado,Não,Sim,Entre 501 e 1000 matrículas de escolarização,Ensino Fundamental,"Atendimento Educacional Especializado, Atividade Complementar",-19.83292,-43.8831
ESCOLA EM FUNCIONAMENTO E SEM RESTRIÇÃO DE ATENDIMENTO,ESCOLA MUNICIPAL PROFESSOR AMILCAR MARTINS,31219568,MG,Belo Horizonte,Urbana,A escola não está em área de localização diferenciada,Pública,"RUA PRELUDIO, 00054 SANTA AMELIA. 31560-450 Belo Horizonte - MG.",(31) 32777850,Municipal,Não Informado,Não,Sim,Entre 501 e 1000 matrículas de escolarização,"Educação Infantil, Ensino Fundamental, Educação de Jovens Adultos","Atendimento Educacional Especializado, Atividade Complementar",-19.83173,-43.97186
ESCOLA EM FUNCIONAMENTO E SEM RESTRIÇÃO DE ATENDIMENTO,ESCOLA MUNICIPAL JOSE MARIA DOS MARES GUIA,31223654,MG,Belo Horizonte,Urbana,A escola não está em área de localização diferenciada,Pública,"RUA DOS BENEDITINOS, 00180 HELIOPOLIS. 31730-758 Belo Horizonte - MG.",(31) 32777404,Municipal,Não Informado,Não,Sim,Entre 501 e 1000 matrículas de escolarização,"Ensino Fundamental, Educação de Jovens Adultos","Atendimento Educacional Especializado, Atividade Complementar",-19.84364519,-43.9416629
ESCOLA EM FUNCIONAMENTO E SEM RESTRIÇÃO DE ATENDIMENTO,ESCOLA MUNICIPAL PAULO MENDES CAMPOS,31223689,MG,Belo Horizonte,Urbana,A escola não está em área de localização diferenciada,Pública,"RUA DA BAHIA, 1534 LOURDES. 30160-017 Belo Horizonte - MG.",(31) 32774469,Municipal,Não Informado,Não,Sim,Entre 501 e 1000 matrículas de escolarização,"Educação Infantil, Ensino Fundamental, Educação de Jovens Adultos",Atendimento Educacional Especializado,-19.94086,-43.94259
ESCOLA EM FUNCIONAMENTO E SEM RESTRIÇÃO DE ATENDIMENTO,ESCOLA MUNICIPAL CAIO LIBANO SOARES,31223697,MG,Belo Horizonte,Urbana,A escola não está em área de localização diferenciada,Pública,"RUA CARANGOLA, 00288 6º ANDAR. SANTO ANTONIO. 30330-240 Belo Horizonte - MG.",(31) 32778590,Municipal,Não Informado,Não,Sim,Entre 201 e 500 matrículas de escolarização,Educação de Jovens Adultos,Atendimento Educacional Especializado,-19.94141537,-43.94237007
ESCOLA EM FUNCIONAMENTO E SEM RESTRIÇÃO DE ATENDIMENTO,ESCOLA MUNICIPAL GOVERNADOR OZANAM COELHO,31224111,MG,Belo Horizonte,Urbana,A escola não está em área de localização diferenciada,Pública,"RUA ANGELA BENAREGES, 166 CONJUNTO CAPITAO EDUARDO. 31998-360 Belo Horizonte - MG.",(31) 32777858,Municipal,Não Informado,Não,Sim,Entre 501 e 1000 matrículas de escolarização,"Educação Infantil, Ensino Fundamental, Educação de Jovens Adultos",Atividade Complementar,-19.82978982,-43.867785
ESCOLA EM FUNCIONAMENTO E SEM RESTRIÇÃO DE ATENDIMENTO,ESCOLA MUNICIPAL DE EDUCACAO INFANTIL MIRIAM BRANDAO,31231959,MG,Belo Horizonte,Urbana,A escola não está em área de localização diferenciada,Pública,"RUA JOAO BATISTA FERNANDES, 75 SERRA VERDE. 31630-340 Belo Horizonte - MG.",(31) 988883375,Municipal,Não Informado,Não,Sim,Entre 201 e 500 matrículas de escolarização,Educação Infantil,,-19.79923145,-43.95672823
ESCOLA ATENDE EXCLUSIVAMENTE ALUNOS COM DEFICIÊNCIA,ESCOLA MUNICIPAL DE ENSINO ESPECIAL FREI LEOPOLDO,31231967,MG,Belo Horizonte,Urbana,A escola não está em área de localização diferenciada,Pública,"RUA CLOVIS CYRILO LIMONGE, 141 SALGADO FILHO. 30555-030 Belo Horizonte - MG.",(31) 32776880,Municipal,Não Informado,Não,Sim,Entre 51 e 200 matrículas de escolarização,Ensino Fundamental,Atividade Complementar,-19.95047582,-43.97904278
ESCOLA EM FUNCIONAMENTO E SEM RESTRIÇÃO DE ATENDIMENTO,ESCOLA MUNICIPAL PEDRO NAVA,31231975,MG,Belo Horizonte,Urbana,A escola não está em área de localização diferenciada,Pública,"RUA SAO PEDRO DA ALDEIA, 445 SERRA DO CURRAL. 30390-021 Belo Horizonte - MG.",(31) 32778243,Municipal,Não Informado,Não,Sim,Entre 501 e 1000 matrículas de escolarização,"Educação Infantil, Ensino Fundamental, Educação de Jovens Adultos",Atividade Complementar,-19.99966458,-43.96629432
ESCOLA EM FUNCIONAMENTO E SEM RESTRIÇÃO DE ATENDIMENTO,ESCOLA MUNICIPAL ULYSSES GUIMARAES,31231983,MG,Belo Horizonte,Urbana,A escola não está em área de localização diferenciada,Pública,"RUA BOLIVIA, 532 SANTA RITA DE CASSIA. 30330-360 Belo Horizonte - MG.",(31) 32775253,Municipal,Não Informado,Não,Sim,Entre 201 e 500 matrículas de escolarização,"Educação Infantil, Ensino Fundamental, Educação de Jovens Adultos",Atividade Complementar,-19.95089,-43.93981
ESCOLA EM FUNCIONAMENTO E SEM RESTRIÇÃO DE ATENDIMENTO,ESCOLA MUNICIPAL MARIA DA ASSUNCAO DE MARCO,31231991,MG,Belo Horizonte,Urbana,A escola não está em área de localização diferenciada,Pública,"RUA ANA HORTA, 00098 GOIANIA. 31960-210 Belo Horizonte - MG.",(31) 32777498,Municipal,Não Informado,Não,Sim,Entre 501 e 1000 matrículas de escolarização,"Educação Infantil, Ensino Fundamental",Atividade Complementar,-19.85966,-43.90426
ESCOLA EM FUNCIONAMENTO E SEM RESTRIÇÃO DE ATENDIMENTO,ESCOLA MUNICIPAL ARMANDO ZILLER,31232009,MG,Belo Horizonte,Urbana,A escola não está em área de localização diferenciada,Pública,"RUA GERALDO ILIDIO TEIXEIRA, 00283 MANTIQUEIRA. 31655-440 Belo Horizonte - MG.",(31) 32775571,Municipal,Não Informado,Não,Sim,Entre 501 e 1000 matrículas de escolarização,Ensino Fundamental,Atividade Complementar,-19.78540698,-43.98378131
ESCOLA EM FUNCIONAMENTO E SEM RESTRIÇÃO DE ATENDIMENTO,ESCOLA MUNICIPAL PRESIDENTE JOAO PESSOA,31232017,MG,Belo Horizonte,Urbana,A escola não está em área de localização diferenciada,Pública,"RUA CONGONHAS, 00639 SANTO ANTONIO. 30330-100 Belo Horizonte - MG.",(31) 32778588,Municipal,Não Informado,Não,Sim,Entre 51 e 200 matrículas de escolarização,"Educação Infantil, Ensino Fundamental",Atividade Complementar,-19.9433977,-43.94160309
ESCOLA EM FUNCIONAMENTO E SEM RESTRIÇÃO DE ATENDIMENTO,ESCOLA MUNICIPAL DE EDUCACAO INFANTIL ALESSANDRA SALUM CADAR,31232025,MG,Belo Horizonte,Urbana,A escola não está em área de localização diferenciada,Pública,"RUA BUDAPESTE, 68 EUROPA. 31620-340 Belo Horizonte - MG.",(31) 32775598,Municipal,Não Informado,Não,Sim,Entre 51 e 200 matrículas de escolarização,Educação Infantil,,-19.80426167,-43.96936
ESCOLA EM FUNCIONAMENTO E SEM RESTRIÇÃO DE ATENDIMENTO,ESCOLA MUNICIPAL RUI DA COSTA VAL,31233366,MG,Belo Horizonte,Urbana,A escola não está em área de localização diferenciada,Pública,"RUA CECILIA TRINDADE SILVA, 221 JARDIM FELICIDADE. 31742-533 Belo Horizonte - MG.",(31) 32776782,Municipal,Não Informado,Não,Sim,Entre 501 e 1000 matrículas de escolarização,"Ensino Fundamental, Educação de Jovens Adultos",Atividade Complementar,-19.82957326,-43.92820093
ESCOLA EM FUNCIONAMENTO E SEM RESTRIÇÃO DE ATENDIMENTO,ESCOLA MUNICIPAL CIAC LUCAS MONTEIRO MACHADO,31244473,MG,Belo Horizonte,Urbana,A escola não está em área de localização diferenciada,Pública,"RUA OTAVIANO DE CARVALHO, 12 VILA PINHO. 30670-180 Belo Horizonte - MG.",(31) 32775868,Municipal,Não Informado,Não,Sim,Entre 501 e 1000 matrículas de escolarização,"Educação Infantil, Ensino Fundamental","Atendimento Educacional Especializado, Atividade Complementar",-19.99957108,-44.02636969
ESCOLA EM FUNCIONAMENTO E SEM RESTRIÇÃO DE ATENDIMENTO,CENTRO FEDERAL DE EDUCACAO TECNOLOGICA DE MINAS GERAIS,31245488,MG,Belo Horizonte,Urbana,A escola não está em área de localização diferenciada,Pública,"AVENIDA AMAZONAS, 5253 NOVA SUICA. 30421-169 Belo Horizonte - MG.",(31) 33197131,Federal,Não Informado,Não,Sim,Mais de 1000 matrículas de escolarização,"Ensino Médio, Educação Profissional",,-19.9304129,-43.9782947
ESCOLA EM FUNCIONAMENTO E SEM RESTRIÇÃO DE ATENDIMENTO,EE PROFESSORA ADIR ANDRADE ALBANO,31246425,MG,Belo Horizonte,Urbana,A escola não está em área de localização diferenciada,Pública,"RUA RAIMUNDO GONCALVES FIGUEIREDO, 85 LAGOA. 31575-540 Belo Horizonte - MG.",(31) 34563388,Estadual,Não Informado,Não,Sim,Entre 201 e 500 matrículas de escolarização,Ensino Fundamental,,-19.8080716,-43.9988003
ESCOLA EM FUNCIONAMENTO E SEM RESTRIÇÃO DE ATENDIMENTO,EE EMILIA CERDEIRA,31246433,MG,Belo Horizonte,Urbana,A escola não está em área de localização diferenciada,Pública,"PRACA SAO SEBASTIAO, 13 BETANIA. 30590-232 Belo Horizonte - MG.",(31) 33834363,Estadual,Não Informado,Não,Sim,Entre 501 e 1000 matrículas de escolarização,Ensino Fundamental,Atividade Complementar,                              ,                              
ESCOLA EM FUNCIONAMENTO E SEM RESTRIÇÃO DE ATENDIMENTO,ESCOLA MUNICIPAL CARLOS DRUMMOND DE ANDRADE,31247294,MG,Belo Horizonte,Urbana,A escola não está em área de localização diferenciada,Pública,"RUA DAS PEDRINHAS, 76 SAO JOAO BATISTA. 31515-130 Belo Horizonte - MG.",(31) 32775596,Municipal,Não Informado,Não,Sim,Entre 501 e 1000 matrículas de escolarização,"Ensino Fundamental, Educação de Jovens Adultos","Atendimento Educacional Especializado, Atividade Complementar",-19.82164834,-43.9541627
ESCOLA EM FUNCIONAMENTO E SEM RESTRIÇÃO DE ATENDIMENTO,ESCOLA MUNICIPAL HELIO PELLEGRINO,31247308,MG,Belo Horizonte,Urbana,A escola não está em área de localização diferenciada,Pública,"RUA GUILHERME SOARES, 255 AARAO REIS. 31814-570 Belo Horizonte - MG.",(31) 32776707,Municipal,Não Informado,Não,Sim,Entre 501 e 1000 matrículas de escolarização,"Ensino Fundamental, Educação de Jovens Adultos",Atividade Complementar,-19.84499,-43.92483
ESCOLA EM FUNCIONAMENTO E SEM RESTRIÇÃO DE ATENDIMENTO,ESCOLA MUNICIPAL ANISIO TEIXEIRA,31250651,MG,Belo Horizonte,Urbana,A escola não está em área de localização diferenciada,Pública,"RUA BOLIVAR, 00010 UNIAO. 31170-670 Belo Horizonte - MG.",(31) 32775795,Municipal,Não Informado,Não,Sim,Entre 501 e 1000 matrículas de escolarização,"Ensino Fundamental, Educação de Jovens Adultos",Atividade Complementar,-19.88342822,-43.92585851
ESCOLA EM FUNCIONAMENTO E SEM RESTRIÇÃO DE ATENDIMENTO,EE MARIA ANDRADE RESENDE,31253413,MG,Belo Horizonte,Urbana,A escola não está em área de localização diferenciada,Pública,"RUA REINATO FANTONI, 51 ENSEADA DAS GARCAS. 31545-320 Belo Horizonte - MG.",(31) 34911356,Estadual,Não Informado,Não,Sim,Entre 501 e 1000 matrículas de escolarização,Ensino Médio,,-19.83344,-43.99632
ESCOLA EM FUNCIONAMENTO E SEM RESTRIÇÃO DE ATENDIMENTO,ESCOLA DE EDUCACAO BASICA E PROFISSIONAL DA UFMG - CENTRO PEDAGOGICO,31258377,MG,Belo Horizonte,Urbana,A escola não está em área de localização diferenciada,Pública,"AVENIDA PRESIDENTE ANTONIO CARLOS, 6627 PAMPULHA. 31270-901 Belo Horizonte - MG.",(31) 34095187,Federal,Não Informado,Não,Sim,Entre 201 e 500 matrículas de escolarização,Ensino Fundamental,,-19.8672563,-43.9586483
ESCOLA EM FUNCIONAMENTO E SEM RESTRIÇÃO DE ATENDIMENTO,ESCOLA MUNICIPAL UNIAO COMUNITARIA,31273252,MG,Belo Horizonte,Urbana,A escola não está em área de localização diferenciada,Pública,"RUA PROFESSOR LUIZ BICALHO, 505 BRASIL INDUSTRIAL. 30626-070 Belo Horizonte - MG.",(31) 32779124,Municipal,Não Informado,Não,Sim,Entre 501 e 1000 matrículas de escolarização,"Educação Infantil, Ensino Fundamental",Atividade Complementar,-20.00041,-44.01434
ESCOLA EM FUNCIONAMENTO E SEM RESTRIÇÃO DE ATENDIMENTO,ESCOLA MUNICIPAL DE EDUCACAO INFANTIL HENFIL,31273732,MG,Belo Horizonte,Urbana,A escola não está em área de localização diferenciada,Pública,"RUA BOAVENTURA, 844 INDAIA. 31270-020 Belo Horizonte - MG.",(31) 32777947,Municipal,Não Informado,Não,Sim,Entre 51 e 200 matrículas de escolarização,Educação Infantil,,-19.86431793,-43.95426623
ESCOLA EM FUNCIONAMENTO E SEM RESTRIÇÃO DE ATENDIMENTO,ESCOLA MUNICIPAL PROFESSOR EDGAR DA MATTA MACHADO,31283002,MG,Belo Horizonte,Urbana,A escola não está em área de localização diferenciada,Pública,"RUA PENALVA, 00201 DOM SILVERIO. 31985-260 Belo Horizonte - MG.",(31) 32776736,Municipal,Não Informado,Não,Sim,Entre 501 e 1000 matrículas de escolarização,"Educação Infantil, Ensino Fundamental, Educação de Jovens Adultos",Atividade Complementar,-19.85409333,-43.90482833
ESCOLA EM FUNCIONAMENTO E SEM RESTRIÇÃO DE ATENDIMENTO,ESCOLA MUNICIPAL FLORESTAN FERNANDES,31283011,MG,Belo Horizonte,Urbana,A escola não está em área de localização diferenciada,Pública,"RUA PAU-FERRO, 360 SOLIMOES. 31742-810 Belo Horizonte - MG.",(31) 32777472,Municipal,Não Informado,Não,Sim,Entre 201 e 500 matrículas de escolarização,"Educação Infantil, Ensino Fundamental","Atendimento Educacional Especializado, Atividade Complementar",-19.82139742,-43.9242839
ESCOLA EM FUNCIONAMENTO E SEM RESTRIÇÃO DE ATENDIMENTO,COLEGIO MILITAR DE BELO HORIZONTE,31291030,MG,Belo Horizonte,Urbana,A escola não está em área de localização diferenciada,Pública,"AVENIDA MARECHAL ESPERIDIAO ROSAS, 400 CPOR/CM-BH. SAO FRANCISCO. 31255-000 Belo Horizonte - MG.",(31) 33264939,Federal,Não Informado,Não,Sim,Entre 501 e 1000 matrículas de escolarização,"Ensino Fundamental, Ensino Médio",,-19.87149,-43.95903
ESCOLA EM FUNCIONAMENTO E SEM RESTRIÇÃO DE ATENDIMENTO,ESCOLA MUNICIPAL PROFESSOR DANIEL ALVARENGA,31294632,MG,Belo Horizonte,Urbana,A escola não está em área de localização diferenciada,Pública,"RUA COQUILHO, 155 JAQUELINE. 31748-495 Belo Horizonte - MG.",(31) 32775404,Municipal,Não Informado,Não,Sim,Mais de 1000 matrículas de escolarização,"Educação Infantil, Ensino Fundamental, Educação de Jovens Adultos","Atendimento Educacional Especializado, Atividade Complementar",-19.80378,-43.92946
ESCOLA EM FUNCIONAMENTO E SEM RESTRIÇÃO DE ATENDIMENTO,ESCOLA MUNICIPAL PADRE MARZANO MATIAS,31294641,MG,Belo Horizonte,Urbana,A escola não está em área de localização diferenciada,Pública,"RUA ERICO VERISSIMO, 1280 RIO BRANCO. 31535-094 Belo Horizonte - MG.",(31) 32775457,Municipal,Não Informado,Não,Sim,Mais de 1000 matrículas de escolarização,"Educação Infantil, Ensino Fundamental, Educação de Jovens Adultos",Atividade Complementar,-19.8146623,-43.97487059
ESCOLA EM FUNCIONAMENTO E SEM RESTRIÇÃO DE ATENDIMENTO,ESCOLA MUNICIPAL PROFESSOR HILTON ROCHA,31294659,MG,Belo Horizonte,Urbana,A escola não está em área de localização diferenciada,Pública,"RUA VICENTE SURETTE, 215 MANGUEIRAS. 30666-470 Belo Horizonte - MG.",(31) 32779064,Municipal,Não Informado,Não,Sim,Entre 501 e 1000 matrículas de escolarização,Ensino Fundamental,"Atendimento Educacional Especializado, Atividade Complementar",-20.01274833,-44.03699667
ESCOLA EM FUNCIONAMENTO E SEM RESTRIÇÃO DE ATENDIMENTO,ESCOLA MUNICIPAL PROFESSOR PAULO FREIRE,31305481,MG,Belo Horizonte,Urbana,A escola não está em área de localização diferenciada,Pública,"RUA PAULO CAMPOS MENDES, 311 CAPITAO EDUARDO. 31872-072 Belo Horizonte - MG.",(31) 32777481,Municipal,Não Informado,Não,Sim,Entre 501 e 1000 matrículas de escolarização,"Ensino Fundamental, Educação de Jovens Adultos","Atendimento Educacional Especializado, Atividade Complementar",-19.82903187,-43.89507062
ESCOLA EM FUNCIONAMENTO E SEM RESTRIÇÃO DE ATENDIMENTO,ESCOLA MUNICIPAL JOSE DE CALASANZ,31305499,MG,Belo Horizonte,Urbana,A escola não está em área de localização diferenciada,Pública,"RUA SEBASTIAO SANTANA FILHO, 00111 IPE. 31930-070 Belo Horizonte - MG.",(31) 32779028,Municipal,Não Informado,Não,Sim,Entre 501 e 1000 matrículas de escolarização,"Educação Infantil, Ensino Fundamental","Atendimento Educacional Especializado, Atividade Complementar",-19.87226089,-43.9052324
ESCOLA EM FUNCIONAMENTO E SEM RESTRIÇÃO DE ATENDIMENTO,CESEC POETA MURILO MENDES,31307068,MG,Belo Horizonte,Urbana,A escola não está em área de localização diferenciada,Pública,"RUA ITAMBE, 49 FLORESTA. 30150-150 Belo Horizonte - MG.",(31) 32736844,Estadual,Não Informado,Não,Sim,Entre 501 e 1000 matrículas de escolarização,Educação de Jovens Adultos,,-19.9196122,-43.9323331
ESCOLA EM FUNCIONAMENTO E SEM RESTRIÇÃO DE ATENDIMENTO,COLEGIO TIRADENTES PMMG GAMELEIRA,31307696,MG,Belo Horizonte,Urbana,A escola não está em área de localização diferenciada,Pública,"AVENIDA AMAZONAS, 6455 GAMELEIRA. 30510-000 Belo Horizonte - MG.",(31) 21231258,Estadual,Não Informado,Não,Sim,Mais de 1000 matrículas de escolarização,"Ensino Fundamental, Ensino Médio",,-19.93440598,-43.98767914
ESCOLA EM FUNCIONAMENTO E SEM RESTRIÇÃO DE ATENDIMENTO,COLEGIO TIRADENTES PMMG MINAS CAIXA,31307700,MG,Belo Horizonte,Urbana,A escola não está em área de localização diferenciada,Pública,"RUA JULITA NUNES LIMA, 271 MINAS CAIXA. 31615-140 Belo Horizonte - MG.",(31) 34557068,Estadual,Não Informado,Não,Sim,Mais de 1000 matrículas de escolarização,"Ensino Fundamental, Ensino Médio",Atividade Complementar,-19.8038095,-43.9566832
ESCOLA EM FUNCIONAMENTO E SEM RESTRIÇÃO DE ATENDIMENTO,COLEGIO TIRADENTES DA PMMG UNIDADE NOSSA SRA DAS VITORIAS,31307718,MG,Belo Horizonte,Urbana,A escola não está em área de localização diferenciada,Pública,"RUA DOS PAMPAS, 767 PRADO. 30411-073 Belo Horizonte - MG.",(31) 21239505,Estadual,Não Informado,Não,Sim,Entre 501 e 1000 matrículas de escolarização,"Ensino Fundamental, Ensino Médio",,-19.9195053,-43.9646095
ESCOLA EM FUNCIONAMENTO E SEM RESTRIÇÃO DE ATENDIMENTO,ESCOLA MUNICIPAL THEOMAR DE CASTRO ESPINDOLA,31312606,MG,Belo Horizonte,Urbana,A escola não está em área de localização diferenciada,Pública,"RUA MICA, 144 NOSSA SENHORA DA APARECIDA. 30240-330 Belo Horizonte - MG.",(31) 32775258,Municipal,Não Informado,Não,Sim,Entre 201 e 500 matrículas de escolarização,"Educação Infantil, Ensino Fundamental",Atividade Complementar,-19.92958,-43.91875
ESCOLA EM FUNCIONAMENTO E SEM RESTRIÇÃO DE ATENDIMENTO,ESCOLA MUNICIPAL ACADEMICO VIVALDI MOREIRA,31312614,MG,Belo Horizonte,Urbana,A escola não está em área de localização diferenciada,Pública,"RUA AGENOR DE PAULA ESTRELA, 00393 JAQUELINE. 31748-190 Belo Horizonte - MG.",(31) 32771843,Municipal,Não Informado,Não,Sim,Entre 501 e 1000 matrículas de escolarização,"Ensino Fundamental, Educação de Jovens Adultos","Atendimento Educacional Especializado, Atividade Complementar",-19.80573,-43.94059
ESCOLA EM FUNCIONAMENTO E SEM RESTRIÇÃO DE ATENDIMENTO,ESCOLA MUNICIPAL HERBERT JOSE DE SOUZA,31312622,MG,Belo Horizonte,Urbana,A escola não está em área de localização diferenciada,Pública,"AVE DETETIVE EDUARDO FERNANDES, 320 NOVO AARAO REIS. 31845-000 Belo Horizonte - MG.",(31) 32776624,Municipal,Não Informado,Não,Sim,Entre 501 e 1000 matrículas de escolarização,"Educação Infantil, Ensino Fundamental, Educação de Jovens Adultos","Atendimento Educacional Especializado, Atividade Complementar",-19.84099,-43.90784
ESCOLA EM FUNCIONAMENTO E SEM RESTRIÇÃO DE ATENDIMENTO,EE PROFESSOR AGNELO CORREIA VIANA,31317357,MG,Belo Horizonte,Urbana,A escola não está em área de localização diferenciada,Pública,"RUA MEXICO, 900 JARDIM LEBLON. 31540-250 Belo Horizonte - MG.",(31) 34473049,Estadual,Não Informado,Não,Sim,Mais de 1000 matrículas de escolarização,"Ensino Fundamental, Ensino Médio, Educação Profissional, Educação de Jovens Adultos",Atividade Complementar,-19.83005,-43.9938
ESCOLA EM FUNCIONAMENTO E SEM RESTRIÇÃO DE ATENDIMENTO,EE LAR DOS MENINOS,31322555,MG,Belo Horizonte,Urbana,A escola não está em área de localização diferenciada,Pública,"RUA SAO VICENTE, 300 OLHOS DAGUA. 30390-570 Belo Horizonte - MG.",(31) 20109709,Estadual,Não Informado,Não,Sim,Entre 201 e 500 matrículas de escolarização,"Ensino Fundamental, Ensino Médio",Atividade Complementar,-19.9887684,-43.9587469
ESCOLA EM FUNCIONAMENTO E SEM RESTRIÇÃO DE ATENDIMENTO,EE JOVEM PROTAGONISTA,31322563,MG,Belo Horizonte,Urbana,A escola não está em área de localização diferenciada,Pública,"RUA JOAO ALFREDO, 3792A UNIDADE HORTO. HORTO. 31015-012 Belo Horizonte - MG.",(31) 21299502,Estadual,Não Informado,Não,Sim,Entre 51 e 200 matrículas de escolarização,"Ensino Fundamental, Ensino Médio",,-19.9099538,-43.9119101
ESCOLA EM FUNCIONAMENTO E SEM RESTRIÇÃO DE ATENDIMENTO,EE PADRE JOAO DE MATTOS ALMEIDA,31322636,MG,Belo Horizonte,Urbana,A escola não está em área de localização diferenciada,Pública,"RUA DEPUTADO AUGUSTO GONCALVES, 370 SERRANO. 30882-660 Belo Horizonte - MG.",(31) 34762817,Estadual,Não Informado,Não,Sim,Mais de 1000 matrículas de escolarização,"Ensino Fundamental, Ensino Médio, Educação Profissional, Educação de Jovens Adultos",,-19.87507,-44.01413
ESCOLA EM FUNCIONAMENTO E SEM RESTRIÇÃO DE ATENDIMENTO,ESCOLA MUNICIPAL DR JOSE XAVIER NOGUEIRA,31330850,MG,Belo Horizonte,Urbana,A escola não está em área de localização diferenciada,Pública,"RUA NAVARRA, 100 EUROPA. 31620-050 Belo Horizonte - MG.",(31) 32777507,Municipal,Não Informado,Não,Sim,Entre 501 e 1000 matrículas de escolarização,"Educação Infantil, Ensino Fundamental","Atendimento Educacional Especializado, Atividade Complementar",-19.80291833,-43.96310667
ESCOLA EM FUNCIONAMENTO E SEM RESTRIÇÃO DE ATENDIMENTO,ESCOLA MUNICIPAL VILA FAZENDINHA,31330868,MG,Belo Horizonte,Urbana,A escola não está em área de localização diferenciada,Pública,"RUA PAULO DE SOUZA, 51 FAZENDINHA. 30250-410 Belo Horizonte - MG.",(31) 32775234,Municipal,Não Informado,Não,Sim,Entre 201 e 500 matrículas de escolarização,"Educação Infantil, Ensino Fundamental, Educação de Jovens Adultos",Atividade Complementar,-19.93101345,-43.90614699
ESCOLA EM FUNCIONAMENTO E SEM RESTRIÇÃO DE ATENDIMENTO,ESCOLA MUNICIPAL DOM BOSCO,31331589,MG,Belo Horizonte,Urbana,A escola não está em área de localização diferenciada,Pública,"RUA BICUIBA, 00100 DOM BOSCO. 30850-260 Belo Horizonte - MG.",(31) 988883295,Municipal,Não Informado,Não,Sim,Entre 501 e 1000 matrículas de escolarização,Ensino Fundamental,Atividade Complementar,-19.91693173,-43.99976781
ESCOLA EM FUNCIONAMENTO E SEM RESTRIÇÃO DE ATENDIMENTO,EE PROFESSORA HENRIQUETA LISBOA,31342424,MG,Belo Horizonte,Urbana,A escola não está em área de localização diferenciada,Pública,"RUA JOSE FLAUSINO, 900 JARDIM VITORIA. 31970-270 Belo Horizonte - MG.",(31) 34413914,Estadual,Não Informado,Não,Sim,Entre 501 e 1000 matrículas de escolarização,"Ensino Médio, Educação de Jovens Adultos",Atendimento Educacional Especializado,-19.8604577,-43.8819051
ESCOLA EM FUNCIONAMENTO E SEM RESTRIÇÃO DE ATENDIMENTO,EE PROFESSOR NEIDSON RODRIGUES,31342432,MG,Belo Horizonte,Urbana,A escola não está em área de localização diferenciada,Pública,"RUA LARANJA DA TERRA, 0 PAULO VI. 31998-510 Belo Horizonte - MG.",(31) 34459079,Estadual,Não Informado,Não,Sim,Entre 501 e 1000 matrículas de escolarização,"Ensino Médio, Educação Profissional, Educação de Jovens Adultos",,-19.8320173,-43.8835174
ESCOLA EM FUNCIONAMENTO E SEM RESTRIÇÃO DE ATENDIMENTO,EE ZILDA ARNS NEUMANN,31342440,MG,Belo Horizonte,Urbana,A escola não está em área de localização diferenciada,Pública,"RUA LAURO RODRIGUES DA CUNHA, 0 BELMONTE. 31995-120 Belo Horizonte - MG.",(31) 34935343,Estadual,Não Informado,Não,Sim,Entre 501 e 1000 matrículas de escolarização,"Ensino Fundamental, Ensino Médio, Educação Profissional, Educação de Jovens Adultos",,-19.8447,-43.89357
ESCOLA EM FUNCIONAMENTO E SEM RESTRIÇÃO DE ATENDIMENTO,EE PROFESSORA ALAIDE LISBOA DE OLIVEIRA,31342459,MG,Belo Horizonte,Urbana,A escola não está em área de localização diferenciada,Pública,"RUA FOSFORO, 198 TAQUARIL. 30290-035 Belo Horizonte - MG.",(31) 34837449,Estadual,Não Informado,Não,Sim,Entre 201 e 500 matrículas de escolarização,"Ensino Médio, Educação de Jovens Adultos",,-19.9184499,-43.8887167
ESCOLA EM FUNCIONAMENTO E SEM RESTRIÇÃO DE ATENDIMENTO,ESCOLA MUNICIPAL DOUTOR JULIO SOARES,31346853,MG,Belo Horizonte,Urbana,A escola não está em área de localização diferenciada,Pública,"RUA SAO VICENTE, 200 GRANJA DE FREITAS. 30286-070 Belo Horizonte - MG.",,Municipal,Não Informado,Não,Sim,Entre 501 e 1000 matrículas de escolarização,"Ensino Fundamental, Educação de Jovens Adultos","Atendimento Educacional Especializado, Atividade Complementar",-19.90736468,-43.88376511
ESCOLA EM FUNCIONAMENTO E SEM RESTRIÇÃO DE ATENDIMENTO,ESCOLA MUNICIPAL ZILDA ARNS,31346900,MG,Belo Horizonte,Urbana,A escola não está em área de localização diferenciada,Pública,"RUA ERVA MATE, 46 PIRATININGA. 31573-506 Belo Horizonte - MG.",(31) 32771847,Municipal,Não Informado,Não,Sim,Entre 501 e 1000 matrículas de escolarização,"Educação Infantil, Ensino Fundamental","Atendimento Educacional Especializado, Atividade Complementar",-19.81788377,-43.99226767
ESCOLA EM FUNCIONAMENTO E SEM RESTRIÇÃO DE ATENDIMENTO,ESCOLA MUNICIPAL SERGIO MIRANDA,31353752,MG,Belo Horizonte,Urbana,A escola não está em área de localização diferenciada,Pública,"RUA MINISTRO OSVALDO ARANHA, 345 GRANJA WERNECK. 31844-470 Belo Horizonte - MG.",,Municipal,Não Informado,Não,Sim,Entre 501 e 1000 matrículas de escolarização,"Ensino Fundamental, Educação de Jovens Adultos",Atividade Complementar,-19.83072663,-43.9135979
ESCOLA EM FUNCIONAMENTO E SEM RESTRIÇÃO DE ATENDIMENTO,ESCOLA MUNICIPAL PRESIDENTE ITAMAR FRANCO,31353760,MG,Belo Horizonte,Urbana,A escola não está em área de localização diferenciada,Pública,"AVE PERIMETRAL, 2911 PETROPOLIS. 30666-519 Belo Horizonte - MG.",(31) 986840837,Municipal,Não Informado,Não,Sim,Entre 501 e 1000 matrículas de escolarização,"Educação Infantil, Ensino Fundamental, Educação de Jovens Adultos","Atendimento Educacional Especializado, Atividade Complementar",-20.01227361,-44.02692927
ESCOLA EM FUNCIONAMENTO E SEM RESTRIÇÃO DE ATENDIMENTO,ESCOLA MUNICIPAL DE EDUCACAO INFANTIL JATOBA IV,31357294,MG,Belo Horizonte,Urbana,A escola não está em área de localização diferenciada,Pública,"AVE AGENOR NONATO DE SOUZA, 00008 VALE DO JATOBA. 30664-210 Belo Horizonte - MG.",(31) 32775826,Municipal,Não Informado,Não,Sim,Entre 201 e 500 matrículas de escolarização,Educação Infantil,,-20.00465482,-44.03611854
ESCOLA EM FUNCIONAMENTO E SEM RESTRIÇÃO DE ATENDIMENTO,ESCOLA MUNICIPAL DE EDUCACAO INFANTIL SOL NASCENTE,31357316,MG,Belo Horizonte,Urbana,A escola não está em área de localização diferenciada,Pública,"RUA MARIA LETICIA, 800 MILIONARIOS. 30610-660 Belo Horizonte - MG.",(31) 32779181,Municipal,Não Informado,Não,Sim,Entre 201 e 500 matrículas de escolarização,Educação Infantil,,-19.9770862,-43.99432838
ESCOLA EM FUNCIONAMENTO E SEM RESTRIÇÃO DE ATENDIMENTO,ESCOLA MUNICIPAL DE EDUCACAO INFANTIL SOLAR URUCUIA,31357324,MG,Belo Horizonte,Urbana,A escola não está em área de localização diferenciada,Pública,"RUA NELSON DE PAULA PIRES, 411 PONGELUPE. 30628-030 Belo Horizonte - MG.",(31) 32462095,Municipal,Não Informado,Não,Sim,Entre 51 e 200 matrículas de escolarização,Educação Infantil,,-20.00997668,-44.00940497
ESCOLA EM FUNCIONAMENTO E SEM RESTRIÇÃO DE ATENDIMENTO,ESCOLA MUNICIPAL DE EDUCACAO INFANTIL CARDOSO,31357332,MG,Belo Horizonte,Urbana,A escola não está em área de localização diferenciada,Pública,"RUA SOLIDARIEDADE, 477 FLAVIO DE OLIVEIRA. 30626-600 Belo Horizonte - MG.",(31) 986349175,Municipal,Não Informado,Não,Sim,Entre 201 e 500 matrículas de escolarização,Educação Infantil,,-20.00132908,-44.00261211
ESCOLA EM FUNCIONAMENTO E SEM RESTRIÇÃO DE ATENDIMENTO,ESCOLA MUNICIPAL DE EDUCACAO INFANTIL JOSE ISIDORO FILHO,31357340,MG,Belo Horizonte,Urbana,A escola não está em área de localização diferenciada,Pública,"RUA ATLANTA, 42 ESPERANCA. 30624-500 Belo Horizonte - MG.",(31) 32771512,Municipal,Não Informado,Não,Sim,Entre 501 e 1000 matrículas de escolarização,Educação Infantil,,-19.99361715,-43.98988888
ESCOLA EM FUNCIONAMENTO E SEM RESTRIÇÃO DE ATENDIMENTO,ESCOLA MUNICIPAL DE EDUCACAO INFANTIL MIRAMAR,31357359,MG,Belo Horizonte,Urbana,A escola não está em área de localização diferenciada,Pública,"RUA TRES MARIAS, 151 MIRAMAR. 30644-030 Belo Horizonte - MG.",(31) 32775888,Municipal,Não Informado,Não,Sim,Entre 51 e 200 matrículas de escolarização,Educação Infantil,,-19.9945971,-44.01226822
ESCOLA EM FUNCIONAMENTO E SEM RESTRIÇÃO DE ATENDIMENTO,ESCOLA MUNICIPAL DE EDUCACAO INFANTIL AGUAS CLARAS,31357367,MG,Belo Horizonte,Urbana,A escola não está em área de localização diferenciada,Pública,"RUA CLEMENTE BORGES DOS SANTOS, 150 AGUAS CLARAS. 30673-146 Belo Horizonte - MG.",(31) 32771540,Municipal,Não Informado,Não,Sim,Entre 51 e 200 matrículas de escolarização,Educação Infantil,,-20.01110667,-44.022715
ESCOLA EM FUNCIONAMENTO E SEM RESTRIÇÃO DE ATENDIMENTO,ESCOLA MUNICIPAL DE EDUCACAO INFANTIL PILAR OLHOS D AGUA,31357375,MG,Belo Horizonte,Urbana,A escola não está em área de localização diferenciada,Pública,"AVE SIGMUND WEISS, 00025 PILAR. 30390-200 Belo Horizonte - MG.",(31) 32775024,Municipal,Não Informado,Não,Sim,Entre 201 e 500 matrículas de escolarização,Educação Infantil,,-19.99961,-43.96647
ESCOLA EM FUNCIONAMENTO E SEM RESTRIÇÃO DE ATENDIMENTO,ESCOLA MUNICIPAL DE EDUCACAO INFANTIL LUCAS MONTEIRO MACHADO,31357383,MG,Belo Horizonte,Urbana,A escola não está em área de localização diferenciada,Pública,"RUA SOLDADO WEVERSON DE ALMEIDA, 350 VILA PINHO. 30670-170 Belo Horizonte - MG.",(31) 32775868,Municipal,Não Informado,Não,Sim,Entre 201 e 500 matrículas de escolarização,Educação Infantil,,-19.9993597,-44.0270076
ESCOLA EM FUNCIONAMENTO E SEM RESTRIÇÃO DE ATENDIMENTO,ESCOLA MUNICIPAL DE EDUCACAO INFANTIL MANGUEIRAS,31357391,MG,Belo Horizonte,Urbana,A escola não está em área de localização diferenciada,Pública,"RUA COROA DE FRADE, 00328 MANGUEIRAS. 30666-230 Belo Horizonte - MG.",(31) 32779189,Municipal,Não Informado,Não,Sim,Entre 201 e 500 matrículas de escolarização,Educação Infantil,,-20.01244,-44.03726
ESCOLA EM FUNCIONAMENTO E SEM RESTRIÇÃO DE ATENDIMENTO,ESCOLA MUNICIPAL DE EDUCACAO INFANTIL PETROPOLIS,31357405,MG,Belo Horizonte,Urbana,A escola não está em área de localização diferenciada,Pública,"RUA FREDERICO BOY PRUSSIANO, 455 PETROPOLIS. 30666-517 Belo Horizonte - MG.",(31) 32462091,Municipal,Não Informado,Não,Sim,Entre 201 e 500 matrículas de escolarização,Educação Infantil,,-20.0127983,-44.02756138
ESCOLA EM FUNCIONAMENTO E SEM RESTRIÇÃO DE ATENDIMENTO,ESCOLA MUNICIPAL DE EDUCACAO INFANTIL TIMBIRAS,31357413,MG,Belo Horizonte,Urbana,A escola não está em área de localização diferenciada,Pública,"RUA DOS TIMBIRAS, 1697 LOURDES. 30140-061 Belo Horizonte - MG.",(31) 32460101,Municipal,Não Informado,Não,Sim,Entre 201 e 500 matrículas de escolarização,Educação Infantil,,-19.92697264,-43.93898903
ESCOLA EM FUNCIONAMENTO E SEM RESTRIÇÃO DE ATENDIMENTO,ESCOLA MUNICIPAL DE EDUCACAO INFANTIL VILA CONCEICAO,31357421,MG,Belo Horizonte,Urbana,A escola não está em área de localização diferenciada,Pública,"RUA CORONEL ALVINO ALVIM DE MENEZES, 111 NOSSA SENHORA DO ROSARIO. 30260-654 Belo Horizonte - MG.",(31) 32774082,Municipal,Não Informado,Não,Sim,Entre 201 e 500 matrículas de escolarização,Educação Infantil,,-19.93316729,-43.91538015
ESCOLA EM FUNCIONAMENTO E SEM RESTRIÇÃO DE ATENDIMENTO,ESCOLA MUNICIPAL DE EDUCACAO INFANTIL LUXEMBURGO,31357430,MG,Belo Horizonte,Urbana,A escola não está em área de localização diferenciada,Pública,"AVE ACESSO BLOCO UM, 200 CONJUNTO SANTA MARIA. 30380-471 Belo Horizonte - MG.",(31) 32778878,Municipal,Não Informado,Não,Sim,Entre 51 e 200 matrículas de escolarização,Educação Infantil,,-19.95187,-43.95894
ESCOLA EM FUNCIONAMENTO E SEM RESTRIÇÃO DE ATENDIMENTO,ESCOLA MUNICIPAL DE EDUCACAO INFANTIL PADRE TARCISIO,31357448,MG,Belo Horizonte,Urbana,A escola não está em área de localização diferenciada,Pública,"RUA MANGABEIRA DA SERRA, 280 MARCOLA. 30220-265 Belo Horizonte - MG.",(31) 32775039,Municipal,Não Informado,Não,Sim,Entre 51 e 200 matrículas de escolarização,Educação Infantil,,-19.94414,-43.90973
ESCOLA EM FUNCIONAMENTO E SEM RESTRIÇÃO DE ATENDIMENTO,ESCOLA MUNICIPAL DE EDUCACAO INFANTIL DELFIM MOREIRA,31357456,MG,Belo Horizonte,Urbana,A escola não está em área de localização diferenciada,Pública,"RUA ESPIRITO SANTO, 890 CENTRO. 30160-033 Belo Horizonte - MG.",(31) 32460012,Municipal,Não Informado,Não,Sim,Entre 201 e 500 matrículas de escolarização,Educação Infantil,,-19.92253,-43.93803
ESCOLA EM FUNCIONAMENTO E SEM RESTRIÇÃO DE ATENDIMENTO,ESCOLA MUNICIPAL DE EDUCACAO INFANTIL CAPIVARI,31357464,MG,Belo Horizonte,Urbana,A escola não está em área de localização diferenciada,Pública,"RUA CAPIVARI, 1026 MARCOLA. 30220-400 Belo Horizonte - MG.",(31) 32775360,Municipal,Não Informado,Não,Sim,Entre 201 e 500 matrículas de escolarização,Educação Infantil,,-19.94016007,-43.91096405
ESCOLA EM FUNCIONAMENTO E SEM RESTRIÇÃO DE ATENDIMENTO,ESCOLA MUNICIPAL DE EDUCACAO INFANTIL SAO JOAO,31357472,MG,Belo Horizonte,Urbana,A escola não está em área de localização diferenciada,Pública,"BEC SAO JOAO, 355 NOSSA SENHORA DA CONCEICAO. 30230-520 Belo Horizonte - MG.",(31) 32778877,Municipal,Não Informado,Não,Sim,Entre 201 e 500 matrículas de escolarização,Educação Infantil,,-19.93594917,-43.90396423
ESCOLA EM FUNCIONAMENTO E SEM RESTRIÇÃO DE ATENDIMENTO,ESCOLA MUNICIPAL DE EDUCACAO INFANTIL PROFESSORA MARTA NAIR MONTEIRO,31357480,MG,Belo Horizonte,Urbana,A escola não está em área de localização diferenciada,Pública,"RUA UNIAO, 16 SANTA RITA DE CASSIA. 30335-030 Belo Horizonte - MG.",(31) 32775085,Municipal,Não Informado,Não,Sim,Entre 51 e 200 matrículas de escolarização,Educação Infantil,,-19.95353,-43.94163
ESCOLA EM FUNCIONAMENTO E SEM RESTRIÇÃO DE ATENDIMENTO,ESCOLA MUNICIPAL DE EDUCACAO INFANTIL SANTA ISABEL,31357499,MG,Belo Horizonte,Urbana,A escola não está em área de localização diferenciada,Pública,"RUA DOUTOR ARGEMIRO RESENDE COSTA, 380 VILA NOVO SAO LUCAS. 30260-430 Belo Horizonte - MG.",(31) 32778234,Municipal,Não Informado,Não,Sim,Entre 51 e 200 matrículas de escolarização,Educação Infantil,,-19.93255257,-43.91080538
ESCOLA EM FUNCIONAMENTO E SEM RESTRIÇÃO DE ATENDIMENTO,ESCOLA MUNICIPAL DE EDUCACAO INFANTIL PARAISO,31357502,MG,Belo Horizonte,Urbana,A escola não está em área de localização diferenciada,Pública,"RUA ITABIRITO, 416 PARAISO. 30270-090 Belo Horizonte - MG.",(31) 986233963,Municipal,Não Informado,Não,Sim,Entre 51 e 200 matrículas de escolarização,Educação Infantil,,-19.91803715,-43.90506587
ESCOLA EM FUNCIONAMENTO E SEM RESTRIÇÃO DE ATENDIMENTO,ESCOLA MUNICIPAL DE EDUCACAO INFANTIL GRANJA DE FREITAS,31357510,MG,Belo Horizonte,Urbana,A escola não está em área de localização diferenciada,Pública,"RUA SAO VICENTE, 371 GRANJA DE FREITAS. 30286-070 Belo Horizonte - MG.",(31) 32775726,Municipal,Não Informado,Não,Sim,Entre 201 e 500 matrículas de escolarização,Educação Infantil,,-19.9088,-43.88428
ESCOLA EM FUNCIONAMENTO E SEM RESTRIÇÃO DE ATENDIMENTO,ESCOLA MUNICIPAL DE EDUCACAO INFANTIL CAETANO FURQUIM,31357529,MG,Belo Horizonte,Urbana,A escola não está em área de localização diferenciada,Pública,"RUA MAIRINK, 625 CASA BRANCA. 31050-170 Belo Horizonte - MG.",(31) 986442793,Municipal,Não Informado,Não,Sim,Entre 51 e 200 matrículas de escolarização,Educação Infantil,,-19.89934,-43.88976
ESCOLA EM FUNCIONAMENTO E SEM RESTRIÇÃO DE ATENDIMENTO,ESCOLA MUNICIPAL DE EDUCACAO INFANTIL TAQUARIL,31357537,MG,Belo Horizonte,Urbana,A escola não está em área de localização diferenciada,Pública,"RUA DESEMBARGADOR BRAULIO, 3550 CIDADE JARDIM TAQUARIL. 30290-020 Belo Horizonte - MG.",(31) 32775684,Municipal,Não Informado,Não,Sim,Entre 201 e 500 matrículas de escolarização,Educação Infantil,,-19.92191422,-43.88126157
ESCOLA EM FUNCIONAMENTO E SEM RESTRIÇÃO DE ATENDIMENTO,ESCOLA MUNICIPAL DE EDUCACAO INFANTIL SANTA CRUZ,31357545,MG,Belo Horizonte,Urbana,A escola não está em área de localização diferenciada,Pública,"RUA FLORICENA FARIA FRAGA, 241 SANTA CRUZ. 31150-580 Belo Horizonte - MG.",(31) 32776089,Municipal,Não Informado,Não,Sim,Entre 201 e 500 matrículas de escolarização,Educação Infantil,,-19.88009037,-43.94050756
ESCOLA EM FUNCIONAMENTO E SEM RESTRIÇÃO DE ATENDIMENTO,ESCOLA MUNICIPAL DE EDUCACAO INFANTIL CACHOEIRINHA,31357553,MG,Belo Horizonte,Urbana,A escola não está em área de localização diferenciada,Pública,"RUA CONDE SANTA MARINHA, 00370 CACHOEIRINHA. 31130-080 Belo Horizonte - MG.",(31) 32776023,Municipal,Não Informado,Não,Sim,Entre 51 e 200 matrículas de escolarização,Educação Infantil,,-19.89394,-43.94528
ESCOLA EM FUNCIONAMENTO E SEM RESTRIÇÃO DE ATENDIMENTO,ESCOLA MUNICIPAL DE EDUCACAO INFANTIL JARDIM VITORIA,31357561,MG,Belo Horizonte,Urbana,A escola não está em área de localização diferenciada,Pública,"RUA BRANCA, 51 VITORIA. 31970-685 Belo Horizonte - MG.",(31) 32777898,Municipal,Não Informado,Não,Sim,Entre 201 e 500 matrículas de escolarização,Educação Infantil,,-19.86025,-43.88258
ESCOLA EM FUNCIONAMENTO E SEM RESTRIÇÃO DE ATENDIMENTO,ESCOLA MUNICIPAL DE EDUCACAO INFANTIL PROFESSORA ACIDALIA LOTT,31357570,MG,Belo Horizonte,Urbana,A escola não está em área de localização diferenciada,Pública,"RUA ANTONIO MARIANO DE ABREU, 1364 PAULO VI. 31995-000 Belo Horizonte - MG.",(31) 32468020,Municipal,Não Informado,Não,Sim,Entre 51 e 200 matrículas de escolarização,Educação Infantil,,-19.83404,-43.88961
ESCOLA EM FUNCIONAMENTO E SEM RESTRIÇÃO DE ATENDIMENTO,ESCOLA MUNICIPAL DE EDUCACAO INFANTIL OURO MINAS,31357588,MG,Belo Horizonte,Urbana,A escola não está em área de localização diferenciada,Pública,"RUA DAS URSULINAS, 98 OURO MINAS. 31870-260 Belo Horizonte - MG.",(31) 32771302,Municipal,Não Informado,Não,Sim,Entre 201 e 500 matrículas de escolarização,Educação Infantil,,-19.8454,-43.90505
ESCOLA EM FUNCIONAMENTO E SEM RESTRIÇÃO DE ATENDIMENTO,ESCOLA MUNICIPAL DE EDUCACAO INFANTIL BELMONTE,31357596,MG,Belo Horizonte,Urbana,A escola não está em área de localização diferenciada,Pública,"RUA DOM SILVERIO GOMES PIMENTA, 325 BELMONTE. 31870-750 Belo Horizonte - MG.",(31) 32468045,Municipal,Não Informado,Não,Sim,Entre 201 e 500 matrículas de escolarização,Educação Infantil,,-19.84614,-43.90035
ESCOLA EM FUNCIONAMENTO E SEM RESTRIÇÃO DE ATENDIMENTO,ESCOLA MUNICIPAL DE EDUCACAO INFANTIL SAO GABRIEL,31357600,MG,Belo Horizonte,Urbana,A escola não está em área de localização diferenciada,Pública,"RUA SAO JOAO DA SERRA, 00140 SAO GABRIEL. 31980-580 Belo Horizonte - MG.",(31) 32777881,Municipal,Não Informado,Não,Sim,Entre 201 e 500 matrículas de escolarização,Educação Infantil,,-19.85291736,-43.91387978
ESCOLA EM FUNCIONAMENTO E SEM RESTRIÇÃO DE ATENDIMENTO,ESCOLA MUNICIPAL DE EDUCACAO INFANTIL COQUEIRO VERDE,31357618,MG,Belo Horizonte,Urbana,A escola não está em área de localização diferenciada,Pública,"RUA DAS ALMAS, 1200 CONJUNTO PAULO VI. 31998-020 Belo Horizonte - MG.",(31) 32776625,Municipal,Não Informado,Não,Sim,Entre 51 e 200 matrículas de escolarização,Educação Infantil,,-19.83358429,-43.88178735
ESCOLA EM FUNCIONAMENTO E SEM RESTRIÇÃO DE ATENDIMENTO,ESCOLA MUNICIPAL DE EDUCACAO INFANTIL CAPITAO EDUARDO,31357626,MG,Belo Horizonte,Urbana,A escola não está em área de localização diferenciada,Pública,"RUA DOS MENSAGEIROS, 95 CONJUNTO CAPITAO EDUARDO. 31998-380 Belo Horizonte - MG.",(31) 32771557,Municipal,Não Informado,Não,Sim,Entre 51 e 200 matrículas de escolarização,Educação Infantil,,-19.82996196,-43.86977922
ESCOLA EM FUNCIONAMENTO E SEM RESTRIÇÃO DE ATENDIMENTO,ESCOLA MUNICIPAL DE EDUCACAO INFANTIL CAVALINHO DE PAU,31357634,MG,Belo Horizonte,Urbana,A escola não está em área de localização diferenciada,Pública,"RUA CIRCULAR, 00315 CIRCULAR. SAO GABRIEL. 31980-630 Belo Horizonte - MG.",(31) 32776798,Municipal,Não Informado,Não,Sim,Entre 51 e 200 matrículas de escolarização,Educação Infantil,,-19.85375362,-43.91282768
ESCOLA EM FUNCIONAMENTO E SEM RESTRIÇÃO DE ATENDIMENTO,ESCOLA MUNICIPAL DE EDUCACAO INFANTIL RIBEIRO DE ABREU,31357642,MG,Belo Horizonte,Urbana,A escola não está em área de localização diferenciada,Pública,"RUA DIANOPOLIS, 170 RIBEIRO DE ABREU. 31870-582 Belo Horizonte - MG.",(31) 32776716,Municipal,Não Informado,Não,Sim,Entre 201 e 500 matrículas de escolarização,Educação Infantil,,-19.8375156,-43.901355
ESCOLA EM FUNCIONAMENTO E SEM RESTRIÇÃO DE ATENDIMENTO,ESCOLA MUNICIPAL DE EDUCACAO INFANTIL VILA SAO VICENTE,31357650,MG,Belo Horizonte,Urbana,A escola não está em área de localização diferenciada,Pública,"RUA HUMAITA, 1149 PADRE EUSTAQUIO. 30720-410 Belo Horizonte - MG.",(31) 32778994,Municipal,Não Informado,Não,Sim,Entre 51 e 200 matrículas de escolarização,Educação Infantil,,-19.92086588,-43.98321715
ESCOLA EM FUNCIONAMENTO E SEM RESTRIÇÃO DE ATENDIMENTO,ESCOLA MUNICIPAL DE EDUCACAO INFANTIL CALIFORNIA,31357669,MG,Belo Horizonte,Urbana,A escola não está em área de localização diferenciada,Pública,"BEC QUATRO MIL QUATROCENTOS E VINTE E NOVE, 155 CONJUNTO CALIFORNIA. 30850-513 Belo Horizonte - MG.",(31) 32779216,Municipal,Não Informado,Não,Sim,Entre 201 e 500 matrículas de escolarização,Educação Infantil,,-19.92129953,-44.00885913
ESCOLA EM FUNCIONAMENTO E SEM RESTRIÇÃO DE ATENDIMENTO,ESCOLA MUNICIPAL DE EDUCACAO INFANTIL NOVA ESPERANCA,31357677,MG,Belo Horizonte,Urbana,A escola não está em área de localização diferenciada,Pública,"AVE AMERICO VESPUCIO, 1998 CAICARAS. 31230-250 Belo Horizonte - MG.",(31) 32463013,Municipal,Não Informado,Não,Sim,Entre 201 e 500 matrículas de escolarização,Educação Infantil,,-19.89950759,-43.9622906
ESCOLA EM FUNCIONAMENTO E SEM RESTRIÇÃO DE ATENDIMENTO,ESCOLA MUNICIPAL DE EDUCACAO INFANTIL PINDORAMA,31357685,MG,Belo Horizonte,Urbana,A escola não está em área de localização diferenciada,Pública,"RUA GUARARAPES, 01850 PINDORAMA. 30865-000 Belo Horizonte - MG.",(31) 32777253,Municipal,Não Informado,Não,Sim,Entre 201 e 500 matrículas de escolarização,Educação Infantil,,-19.91100814,-44.02106619
ESCOLA EM FUNCIONAMENTO E SEM RESTRIÇÃO DE ATENDIMENTO,ESCOLA MUNICIPAL DE EDUCACAO INFANTIL CARLOS PRATES,31357693,MG,Belo Horizonte,Urbana,A escola não está em área de localização diferenciada,Pública,"AVE NOSSA SENHORA DE FATIMA, 2283 CARLOS PRATES. 30710-662 Belo Horizonte - MG.",(31) 32774557,Municipal,Não Informado,Não,Sim,Entre 51 e 200 matrículas de escolarização,Educação Infantil,,-19.91468785,-43.9523715
ESCOLA EM FUNCIONAMENTO E SEM RESTRIÇÃO DE ATENDIMENTO,ESCOLA MUNICIPAL DE EDUCACAO INFANTIL SABINOPOLIS,31357707,MG,Belo Horizonte,Urbana,A escola não está em área de localização diferenciada,Pública,"RUA SABINOPOLIS, 120 CARLOS PRATES. 30710-340 Belo Horizonte - MG.",(31) 988740934,Municipal,Não Informado,Não,Sim,Entre 201 e 500 matrículas de escolarização,Educação Infantil,,-19.9109496,-43.96035469
ESCOLA EM FUNCIONAMENTO E SEM RESTRIÇÃO DE ATENDIMENTO,ESCOLA MUNICIPAL DE EDUCACAO INFANTIL PEDREIRA PRADO LOPES,31357715,MG,Belo Horizonte,Urbana,A escola não está em área de localização diferenciada,Pública,"RUA CARMO DO RIO CLARO, 203 PEDREIRA PRADO LOPES. 31210-680 Belo Horizonte - MG.",(31) 32776019,Municipal,Não Informado,Não,Sim,Entre 51 e 200 matrículas de escolarização,Educação Infantil,,-19.90329167,-43.94989
ESCOLA EM FUNCIONAMENTO E SEM RESTRIÇÃO DE ATENDIMENTO,ESCOLA MUNICIPAL DE EDUCACAO INFANTIL VILA SENHOR DOS PASSOS,31357723,MG,Belo Horizonte,Urbana,A escola não está em área de localização diferenciada,Pública,"RUA EVARISTO DA VEIGA, 00239 VILA SENHOR DOS PASSOS. 31210-300 Belo Horizonte - MG.",(31) 32776191,Municipal,Não Informado,Não,Sim,Entre 51 e 200 matrículas de escolarização,Educação Infantil,,-19.9059718,-43.94864001
ESCOLA EM FUNCIONAMENTO E SEM RESTRIÇÃO DE ATENDIMENTO,ESCOLA MUNICIPAL DE EDUCACAO INFANTIL PITUCHINHA,31357731,MG,Belo Horizonte,Urbana,A escola não está em área de localização diferenciada,Pública,"RUA MARQUES DO LAVRADIO, 619 JOAO PINHEIRO. 30530-110 Belo Horizonte - MG.",(31) 32776460,Municipal,Não Informado,Não,Sim,Entre 201 e 500 matrículas de escolarização,Educação Infantil,,-19.92910667,-44.00267167
ESCOLA EM FUNCIONAMENTO E SEM RESTRIÇÃO DE ATENDIMENTO,ESCOLA MUNICIPAL DE EDUCACAO INFANTIL PRIMEIRO DE MAIO,31357740,MG,Belo Horizonte,Urbana,A escola não está em área de localização diferenciada,Pública,"RUA CINCO DE JULHO, 119 PROVIDENCIA. 31810-440 Belo Horizonte - MG.",(31) 32778910,Municipal,Não Informado,Não,Sim,Entre 51 e 200 matrículas de escolarização,Educação Infantil,,-19.85879167,-43.927585
ESCOLA EM FUNCIONAMENTO E SEM RESTRIÇÃO DE ATENDIMENTO,ESCOLA MUNICIPAL DE EDUCACAO INFANTIL MINASLANDIA,31357758,MG,Belo Horizonte,Urbana,A escola não está em área de localização diferenciada,Pública,"RUA MARIA MADALENA ESTEVES, 95 MINASLANDIA. 31812-115 Belo Horizonte - MG.",(31) 32469555,Municipal,Não Informado,Não,Sim,Entre 201 e 500 matrículas de escolarização,Educação Infantil,,-19.85184,-43.93188
ESCOLA EM FUNCIONAMENTO E SEM RESTRIÇÃO DE ATENDIMENTO,ESCOLA MUNICIPAL DE EDUCACAO INFANTIL SAO BERNARDO,31357766,MG,Belo Horizonte,Urbana,A escola não está em área de localização diferenciada,Pública,"RUA CECILIA PINTO, 105 SAO BERNARDO. 31741-310 Belo Horizonte - MG.",(31) 32777840,Municipal,Não Informado,Não,Sim,Entre 201 e 500 matrículas de escolarização,Educação Infantil,,-19.84613879,-43.94428421
ESCOLA EM FUNCIONAMENTO E SEM RESTRIÇÃO DE ATENDIMENTO,ESCOLA MUNICIPAL DE EDUCACAO INFANTIL VILA CLORIS,31357774,MG,Belo Horizonte,Urbana,A escola não está em área de localização diferenciada,Pública,"RUA DAS GAIVOTAS, 838 XODOMARIZE. 31744-145 Belo Horizonte - MG.",(31) 32772819,Municipal,Não Informado,Não,Sim,Entre 51 e 200 matrículas de escolarização,Educação Infantil,,-19.8244034,-43.94232242
ESCOLA EM FUNCIONAMENTO E SEM RESTRIÇÃO DE ATENDIMENTO,ESCOLA MUNICIPAL DE EDUCACAO INFANTIL JARDIM GUANABARA,31357782,MG,Belo Horizonte,Urbana,A escola não está em área de localização diferenciada,Pública,"RUA JOAO ALVARES CABRAL, 77 JARDIM GUANABARA. 31742-170 Belo Horizonte - MG.",(31) 32776633,Municipal,Não Informado,Não,Sim,Entre 51 e 200 matrículas de escolarização,Educação Infantil,,-19.82899767,-43.93405033
ESCOLA EM FUNCIONAMENTO E SEM RESTRIÇÃO DE ATENDIMENTO,ESCOLA MUNICIPAL DE EDUCACAO INFANTIL JULIANA,31357790,MG,Belo Horizonte,Urbana,A escola não está em área de localização diferenciada,Pública,"RUA DA GALERIA, 1130 JULIANA. 31744-540 Belo Horizonte - MG.",(31) 32775535,Municipal,Não Informado,Não,Sim,Entre 201 e 500 matrículas de escolarização,Educação Infantil,,-19.8171879,-43.94250982
ESCOLA EM FUNCIONAMENTO E SEM RESTRIÇÃO DE ATENDIMENTO,ESCOLA MUNICIPAL DE EDUCACAO INFANTIL HELIOPOLIS,31357804,MG,Belo Horizonte,Urbana,A escola não está em área de localização diferenciada,Pública,"RUA DOS BENEDITINOS, 220 HELIOPOLIS. 31730-758 Belo Horizonte - MG.",(31) 32777969,Municipal,Não Informado,Não,Sim,Entre 201 e 500 matrículas de escolarização,Educação Infantil,,-19.84288485,-43.94134811
ESCOLA EM FUNCIONAMENTO E SEM RESTRIÇÃO DE ATENDIMENTO,ESCOLA MUNICIPAL DE EDUCACAO INFANTIL CURUMINS,31357812,MG,Belo Horizonte,Urbana,A escola não está em área de localização diferenciada,Pública,"RUA CECILIA TRINDADE SILVA, 95 JARDIM FELICIDADE. 31742-533 Belo Horizonte - MG.",(31) 32469616,Municipal,Não Informado,Não,Sim,Entre 201 e 500 matrículas de escolarização,Educação Infantil,,-19.82985167,-43.92817833
ESCOLA EM FUNCIONAMENTO E SEM RESTRIÇÃO DE ATENDIMENTO,ESCOLA MUNICIPAL DE EDUCACAO INFANTIL AARAO REIS,31357820,MG,Belo Horizonte,Urbana,A escola não está em área de localização diferenciada,Pública,"RUA TRES, 25 SAO GONCALO. 31814-358 Belo Horizonte - MG.",(31) 32776729,Municipal,Não Informado,Não,Sim,Entre 51 e 200 matrículas de escolarização,Educação Infantil,,-19.84741667,-43.92181667
ESCOLA EM FUNCIONAMENTO E SEM RESTRIÇÃO DE ATENDIMENTO,ESCOLA MUNICIPAL DE EDUCACAO INFANTIL ZILAH SPOSITO,31357839,MG,Belo Horizonte,Urbana,A escola não está em área de localização diferenciada,Pública,"RUA COQUILHO, 75 JAQUELINE. 31748-495 Belo Horizonte - MG.",(31) 32469008,Municipal,Não Informado,Não,Sim,Entre 201 e 500 matrículas de escolarização,Educação Infantil,,-19.80462,-43.92859
ESCOLA EM FUNCIONAMENTO E SEM RESTRIÇÃO DE ATENDIMENTO,ESCOLA MUNICIPAL DE EDUCACAO INFANTIL MARIQUINHAS,31357847,MG,Belo Horizonte,Urbana,A escola não está em área de localização diferenciada,Pública,"RUA ACALIFA, 209 MARIQUINHAS. 31744-690 Belo Horizonte - MG.",(31) 32778898,Municipal,Não Informado,Não,Sim,Entre 201 e 500 matrículas de escolarização,Educação Infantil,,-19.81220472,-43.93967841
ESCOLA EM FUNCIONAMENTO E SEM RESTRIÇÃO DE ATENDIMENTO,ESCOLA MUNICIPAL DE EDUCACAO INFANTIL BETINHO,31357855,MG,Belo Horizonte,Urbana,A escola não está em área de localização diferenciada,Pública,"RUA TRINTA E NOVE, 00060 NOVO AARAO REIS. 31845-430 Belo Horizonte - MG.",(31) 32776643,Municipal,Não Informado,Não,Sim,Entre 201 e 500 matrículas de escolarização,Educação Infantil,,-19.84495376,-43.91362865
ESCOLA EM FUNCIONAMENTO E SEM RESTRIÇÃO DE ATENDIMENTO,ESCOLA MUNICIPAL DE EDUCACAO INFANTIL GRAJAU,31357863,MG,Belo Horizonte,Urbana,A escola não está em área de localização diferenciada,Pública,"RUA SANTA INES, 75 SAO JORGE II. 30451-041 Belo Horizonte - MG.",(31) 32777513,Municipal,Não Informado,Não,Sim,Entre 51 e 200 matrículas de escolarização,Educação Infantil,,-19.94260667,-43.96200833
ESCOLA EM FUNCIONAMENTO E SEM RESTRIÇÃO DE ATENDIMENTO,ESCOLA MUNICIPAL DE EDUCACAO INFANTIL CAC HAVAI,31357871,MG,Belo Horizonte,Urbana,A escola não está em área de localização diferenciada,Pública,"AVE COSTA DO MARFIM, 480 HAVAI. 30575-000 Belo Horizonte - MG.",(31) 32776874,Municipal,Não Informado,Não,Sim,Entre 201 e 500 matrículas de escolarização,Educação Infantil,,-19.96355,-43.97078
ESCOLA EM FUNCIONAMENTO E SEM RESTRIÇÃO DE ATENDIMENTO,ESCOLA MUNICIPAL DE EDUCACAO INFANTIL SANTA MARIA,31357880,MG,Belo Horizonte,Urbana,A escola não está em área de localização diferenciada,Pública,"RUA JOAO BATISTA VIEIRA, 00720 SANTA MARIA. 30525-395 Belo Horizonte - MG.",(31) 32778921,Municipal,Não Informado,Não,Sim,Entre 201 e 500 matrículas de escolarização,Educação Infantil,,-19.93374045,-44.01753959
ESCOLA EM FUNCIONAMENTO E SEM RESTRIÇÃO DE ATENDIMENTO,ESCOLA MUNICIPAL DE EDUCACAO INFANTIL GAMELEIRA,31357898,MG,Belo Horizonte,Urbana,A escola não está em área de localização diferenciada,Pública,"AVE AMAZONAS, 05855 DA GAMELEIRA. 30510-000 Belo Horizonte - MG.",(31) 32776867,Municipal,Não Informado,Não,Sim,Entre 201 e 500 matrículas de escolarização,Educação Infantil,,-19.94595561,-43.96801027
ESCOLA EM FUNCIONAMENTO E SEM RESTRIÇÃO DE ATENDIMENTO,ESCOLA MUNICIPAL DE EDUCACAO INFANTIL SILVA LOBO,31357901,MG,Belo Horizonte,Urbana,A escola não está em área de localização diferenciada,Pública,"AVE SILVA LOBO, 2250 NOVA GRANADA. 30431-360 Belo Horizonte - MG.",(31) 32466013,Municipal,Não Informado,Não,Sim,Entre 201 e 500 matrículas de escolarização,Educação Infantil,,-19.94286,-43.964355
ESCOLA EM FUNCIONAMENTO E SEM RESTRIÇÃO DE ATENDIMENTO,ESCOLA MUNICIPAL DE EDUCACAO INFANTIL VILA ANTENA,31357910,MG,Belo Horizonte,Urbana,A escola não está em área de localização diferenciada,Pública,"RUA FLOR DO ORIENTE, 137 VILA ANTENA MONTANHES. 30810-427 Belo Horizonte - MG.",(31) 32778997,Municipal,Não Informado,Não,Sim,Entre 51 e 200 matrículas de escolarização,Educação Infantil,,-19.89655036,-43.98539417
ESCOLA EM FUNCIONAMENTO E SEM RESTRIÇÃO DE ATENDIMENTO,ESCOLA MUNICIPAL DE EDUCACAO INFANTIL BRAUNAS,31357928,MG,Belo Horizonte,Urbana,A escola não está em área de localização diferenciada,Pública,"RUA AUREA ELIZA VALADAO, 40 BRAUNAS. 31370-480 Belo Horizonte - MG.",(31) 32468040,Municipal,Não Informado,Não,Sim,Entre 201 e 500 matrículas de escolarização,Educação Infantil,,-19.84078746,-44.01157835
ESCOLA EM FUNCIONAMENTO E SEM RESTRIÇÃO DE ATENDIMENTO,ESCOLA MUNICIPAL DE EDUCACAO INFANTIL PALMEIRAS,31357936,MG,Belo Horizonte,Urbana,A escola não está em área de localização diferenciada,Pública,"RUA MANUEL ALVES, 100 PALMEIRAS. 30575-540 Belo Horizonte - MG.",(31) 32466033,Municipal,Não Informado,Não,Sim,Entre 201 e 500 matrículas de escolarização,Educação Infantil,,-19.9720932,-43.98096727
ESCOLA EM FUNCIONAMENTO E SEM RESTRIÇÃO DE ATENDIMENTO,ESCOLA MUNICIPAL DE EDUCACAO INFANTIL SANTA AMELIA,31357944,MG,Belo Horizonte,Urbana,A escola não está em área de localização diferenciada,Pública,"RUA MANOEL EUSTAQUIO, 98 SANTA AMELIA. 31555-140 Belo Horizonte - MG.",(31) 32468041,Municipal,Não Informado,Não,Sim,Entre 201 e 500 matrículas de escolarização,Educação Infantil,Atendimento Educacional Especializado,-19.84461331,-43.98321473
ESCOLA EM FUNCIONAMENTO E SEM RESTRIÇÃO DE ATENDIMENTO,ESCOLA MUNICIPAL DE EDUCACAO INFANTIL ITATIAIA,31357952,MG,Belo Horizonte,Urbana,A escola não está em área de localização diferenciada,Pública,"RUA MARIA CECILIA, 270 SANTA TEREZINHA. 31360-230 Belo Horizonte - MG.",(31) 32778528,Municipal,Não Informado,Não,Sim,Entre 201 e 500 matrículas de escolarização,Educação Infantil,,-19.8758574,-44.00636723
ESCOLA EM FUNCIONAMENTO E SEM RESTRIÇÃO DE ATENDIMENTO,ESCOLA MUNICIPAL DE EDUCACAO INFANTIL CASTELO,31357960,MG,Belo Horizonte,Urbana,A escola não está em área de localização diferenciada,Pública,"RUA CASTELO DE ALCAZAR, 10 CASTELO. 31330-310 Belo Horizonte - MG.",(31) 32778993,Municipal,Não Informado,Não,Sim,Entre 201 e 500 matrículas de escolarização,Educação Infantil,,-19.877291,-43.99747651
ESCOLA EM FUNCIONAMENTO E SEM RESTRIÇÃO DE ATENDIMENTO,ESCOLA MUNICIPAL DE EDUCACAO INFANTIL ALAIDE LISBOA,31357979,MG,Belo Horizonte,Urbana,A escola não está em área de localização diferenciada,Pública,"AVE PRESIDENTE ANTONIO CARLOS, 6627 CAMPUS UFMG. 31270-901 Belo Horizonte - MG.",(31) 32777338,Municipal,Não Informado,Não,Sim,Entre 201 e 500 matrículas de escolarização,Educação Infantil,Atendimento Educacional Especializado,-19.86429,-43.95917
ESCOLA EM FUNCIONAMENTO E SEM RESTRIÇÃO DE ATENDIMENTO,ESCOLA MUNICIPAL DE EDUCACAO INFANTIL ITAMARATI,31357987,MG,Belo Horizonte,Urbana,A escola não está em área de localização diferenciada,Pública,"RUA DOS COMANCHES, 245 SANTA MONICA. 31530-250 Belo Horizonte - MG.",(31) 32469003,Municipal,Não Informado,Não,Sim,Entre 201 e 500 matrículas de escolarização,Educação Infantil,,-19.832145,-43.98036833
ESCOLA EM FUNCIONAMENTO E SEM RESTRIÇÃO DE ATENDIMENTO,ESCOLA MUNICIPAL DE EDUCACAO INFANTIL VILA APOLONIA,31357995,MG,Belo Horizonte,Urbana,A escola não está em área de localização diferenciada,Pública,"RUA MARROCOS, 678 APOLONIA. 31540-230 Belo Horizonte - MG.",(31) 32777852,Municipal,Não Informado,Não,Sim,Entre 51 e 200 matrículas de escolarização,Educação Infantil,,-19.82746357,-43.99269108
ESCOLA EM FUNCIONAMENTO E SEM RESTRIÇÃO DE ATENDIMENTO,ESCOLA MUNICIPAL DE EDUCACAO INFANTIL LAGOA,31358002,MG,Belo Horizonte,Urbana,A escola não está em área de localização diferenciada,Pública,"RUA HELCIO PEREIRA FORTES, 06 LAGOA. 31578-225 Belo Horizonte - MG.",(31) 32771827,Municipal,Não Informado,Não,Sim,Entre 501 e 1000 matrículas de escolarização,Educação Infantil,,-19.80950993,-43.99982275
ESCOLA EM FUNCIONAMENTO E SEM RESTRIÇÃO DE ATENDIMENTO,ESCOLA MUNICIPAL DE EDUCACAO INFANTIL VENDA NOVA,31358010,MG,Belo Horizonte,Urbana,A escola não está em área de localização diferenciada,Pública,"RUA DOUTOR ALVARO CAMARGOS, 200 SAO JOAO BATISTA. 31515-200 Belo Horizonte - MG.",(31) 32469028,Municipal,Não Informado,Não,Sim,Entre 201 e 500 matrículas de escolarização,Educação Infantil,,-19.81920835,-43.95361508
ESCOLA EM FUNCIONAMENTO E SEM RESTRIÇÃO DE ATENDIMENTO,ESCOLA MUNICIPAL DE EDUCACAO INFANTIL JARDIM DOS COMERCIARIOS,31358029,MG,Belo Horizonte,Urbana,A escola não está em área de localização diferenciada,Pública,"RUA SETE DE OUTUBRO, 600 JARDIM DOS COMERCIARIOS. 31640-565 Belo Horizonte - MG.",(31) 32771856,Municipal,Não Informado,Não,Sim,Entre 201 e 500 matrículas de escolarização,Educação Infantil,,-19.79090037,-43.97647101
ESCOLA EM FUNCIONAMENTO E SEM RESTRIÇÃO DE ATENDIMENTO,ESCOLA MUNICIPAL DE EDUCACAO INFANTIL JARDIM LEBLON,31358037,MG,Belo Horizonte,Urbana,A escola não está em área de localização diferenciada,Pública,"RUA PEDRINOPOLIS, 395 JARDIM LEBLON. 31540-470 Belo Horizonte - MG.",(31) 32777317,Municipal,Não Informado,Não,Sim,Entre 201 e 500 matrículas de escolarização,Educação Infantil,,-19.82985535,-43.98877732
ESCOLA EM FUNCIONAMENTO E SEM RESTRIÇÃO DE ATENDIMENTO,ESCOLA MUNICIPAL DE EDUCACAO INFANTIL CEU AZUL,31358045,MG,Belo Horizonte,Urbana,A escola não está em área de localização diferenciada,Pública,"RUA SAO JOAO BATISTA DO GLORIA, 530 PIRATININGA. 31540-100 Belo Horizonte - MG.",(31) 986448190,Municipal,Não Informado,Não,Sim,Entre 201 e 500 matrículas de escolarização,Educação Infantil,,-19.82010167,-43.99187167
ESCOLA EM FUNCIONAMENTO E SEM RESTRIÇÃO DE ATENDIMENTO,ESCOLA MUNICIPAL DE EDUCACAO INFANTIL PARAUNAS,31358053,MG,Belo Horizonte,Urbana,A escola não está em área de localização diferenciada,Pública,"RUA PADRE PEDRO PINTO, 5700 MARIA HELENA. 31660-000 Belo Horizonte - MG.",(31) 32775557,Municipal,Não Informado,Não,Sim,Entre 201 e 500 matrículas de escolarização,Educação Infantil,,-19.80326252,-43.98834599
ESCOLA EM FUNCIONAMENTO E SEM RESTRIÇÃO DE ATENDIMENTO,ESCOLA MUNICIPAL DE EDUCACAO INFANTIL SAO JOAO BATISTA,31358061,MG,Belo Horizonte,Urbana,A escola não está em área de localização diferenciada,Pública,"RUA PROFESSOR AIMORE DUTRA, 514 SAO JOAO BATISTA. 31520-050 Belo Horizonte - MG.",(31) 32469036,Municipal,Não Informado,Não,Sim,Entre 201 e 500 matrículas de escolarização,Educação Infantil,,-19.82354,-43.96195
ESCOLA EM FUNCIONAMENTO E SEM RESTRIÇÃO DE ATENDIMENTO,ESCOLA MUNICIPAL SOLAR RUBI,31358614,MG,Belo Horizonte,Urbana,A escola não está em área de localização diferenciada,Pública,"AVE WARLEY APARECIDO MARTINS, 854 SOLAR DO BARREIRO. 30670-370 Belo Horizonte - MG.",,Municipal,Não Informado,Não,Sim,Entre 501 e 1000 matrículas de escolarização,Ensino Fundamental,"Atendimento Educacional Especializado, Atividade Complementar",-20.01103798,-44.01467023
ESCOLA EM FUNCIONAMENTO E SEM RESTRIÇÃO DE ATENDIMENTO,ESCOLA MUNICIPAL DE EDUCACAO INFANTIL BALEIA,31361690,MG,Belo Horizonte,Urbana,A escola não está em área de localização diferenciada,Pública,"RUA JURAMENTO, 660 PARAISO. 30285-408 Belo Horizonte - MG.",(31) 32468545,Municipal,Não Informado,Não,Sim,Entre 201 e 500 matrículas de escolarização,Educação Infantil,,-19.92086893,-43.89940205
ESCOLA EM FUNCIONAMENTO E SEM RESTRIÇÃO DE ATENDIMENTO,ESCOLA MUNICIPAL DE EDUCACAO INFANTIL MALDONADO,31361704,MG,Belo Horizonte,Urbana,A escola não está em área de localização diferenciada,Pública,"RUA ALCINDO GONCALVES COTTA, 105 DIAMANTE. 30640-750 Belo Horizonte - MG.",(31) 32462119,Municipal,Não Informado,Não,Sim,Entre 201 e 500 matrículas de escolarização,Educação Infantil,,-19.98415833,-44.02444167
ESCOLA EM FUNCIONAMENTO E SEM RESTRIÇÃO DE ATENDIMENTO,ESCOLA MUNICIPAL DE EDUCACAO INFANTIL CINQUENTENARIO,31361712,MG,Belo Horizonte,Urbana,A escola não está em área de localização diferenciada,Pública,"AVE DOM JOAO VI, 691 CINQUENTENARIO. 30570-066 Belo Horizonte - MG.",(31) 32466074,Municipal,Não Informado,Não,Sim,Entre 201 e 500 matrículas de escolarização,Educação Infantil,,-19.96099455,-43.98219143
ESCOLA EM FUNCIONAMENTO E SEM RESTRIÇÃO DE ATENDIMENTO,ESCOLA MUNICIPAL DE EDUCACAO INFANTIL VILA CALAFATE,31361720,MG,Belo Horizonte,Urbana,A escola não está em área de localização diferenciada,Pública,"RUA CONTENDAS, 254 ALTO BARROCA. 30431-012 Belo Horizonte - MG.",(31) 32466010,Municipal,Não Informado,Não,Sim,Entre 201 e 500 matrículas de escolarização,Educação Infantil,,-19.93166,-43.97101
ESCOLA EM FUNCIONAMENTO E SEM RESTRIÇÃO DE ATENDIMENTO,ESCOLA MUNICIPAL DE EDUCACAO INFANTIL CAMARGOS,31361739,MG,Belo Horizonte,Urbana,A escola não está em área de localização diferenciada,Pública,"RUA GENTIL PORTUGAL DO BRASIL, 61 CAMARGOS. 30520-540 Belo Horizonte - MG.",(31) 32469804,Municipal,Não Informado,Não,Sim,Entre 201 e 500 matrículas de escolarização,Educação Infantil,,-19.93451,-44.02104
ESCOLA EM FUNCIONAMENTO E SEM RESTRIÇÃO DE ATENDIMENTO,ESCOLA MUNICIPAL DE EDUCACAO INFANTIL NAVEGANTES,31361747,MG,Belo Horizonte,Urbana,A escola não está em área de localização diferenciada,Pública,"RUA RADIALISTA JOSE JUNQUILHO, 32 CEU AZUL. 31585-020 Belo Horizonte - MG.",(31) 32468052,Municipal,Não Informado,Não,Sim,Entre 201 e 500 matrículas de escolarização,Educação Infantil,,-19.82408014,-44.00436871
ESCOLA EM FUNCIONAMENTO E SEM RESTRIÇÃO DE ATENDIMENTO,ESCOLA MUNICIPAL DE EDUCACAO INFANTIL PAULO VI,31361763,MG,Belo Horizonte,Urbana,A escola não está em área de localização diferenciada,Pública,"RUA QUATRO MIL SETECENTOS E SESSENTA E NOVE, 150 CONJUNTO PAULO VI. 31998-182 Belo Horizonte - MG.",(31) 989798490,Municipal,Não Informado,Não,Sim,Entre 201 e 500 matrículas de escolarização,Educação Infantil,,-19.83319118,-43.88652695
ESCOLA EM FUNCIONAMENTO E SEM RESTRIÇÃO DE ATENDIMENTO,ESCOLA MUNICIPAL DE EDUCACAO INFANTIL COQUEIROS,31361771,MG,Belo Horizonte,Urbana,A escola não está em área de localização diferenciada,Pública,"RUA ENEIDA, 1465 COQUEIROS. 30881-120 Belo Horizonte - MG.",(31) 32463029,Municipal,Não Informado,Não,Sim,Entre 201 e 500 matrículas de escolarização,Educação Infantil,,-19.89861357,-44.0210435
ESCOLA EM FUNCIONAMENTO E SEM RESTRIÇÃO DE ATENDIMENTO,ESCOLA MUNICIPAL DE EDUCACAO INFANTIL BAIRRO DAS INDUSTRIAS,31361780,MG,Belo Horizonte,Urbana,A escola não está em área de localização diferenciada,Pública,"RUA IRMA MARIA PAULA, 254 BAIRRO DAS INDUSTRIAS I. 30610-370 Belo Horizonte - MG.",(31) 32462138,Municipal,Não Informado,Não,Sim,Entre 201 e 500 matrículas de escolarização,Educação Infantil,,-19.96575667,-44.00069833
ESCOLA EM FUNCIONAMENTO E SEM RESTRIÇÃO DE ATENDIMENTO,ESCOLA MUNICIPAL DE EDUCACAO INFANTIL DIAMANTE,31361798,MG,Belo Horizonte,Urbana,A escola não está em área de localização diferenciada,Pública,"RUA AZARIAS DUARTE, 180 DIAMANTE. 30644-152 Belo Horizonte - MG.",(31) 32462126,Municipal,Não Informado,Não,Sim,Entre 201 e 500 matrículas de escolarização,Educação Infantil,,-19.99669,-44.01942
ESCOLA EM FUNCIONAMENTO E SEM RESTRIÇÃO DE ATENDIMENTO,ESCOLA MUNICIPAL DE EDUCACAO INFANTIL FLORAMAR,31361801,MG,Belo Horizonte,Urbana,A escola não está em área de localização diferenciada,Pública,"RUA JOSE FERREIRA MAGALHAES, 87 FLORAMAR. 31742-093 Belo Horizonte - MG.",(31) 32469560,Municipal,Não Informado,Não,Sim,Entre 201 e 500 matrículas de escolarização,Educação Infantil,,-19.83521,-43.93315
ESCOLA EM FUNCIONAMENTO E SEM RESTRIÇÃO DE ATENDIMENTO,ESCOLA MUNICIPAL DE EDUCACAO INFANTIL GOIANIA,31361810,MG,Belo Horizonte,Urbana,A escola não está em área de localização diferenciada,Pública,"RUA JOSE ARCANJO SANTIAGO, 300 GOIANIA. 31950-100 Belo Horizonte - MG.",(31) 32468549,Municipal,Não Informado,Não,Sim,Entre 201 e 500 matrículas de escolarização,Educação Infantil,Atendimento Educacional Especializado,-19.87259745,-43.89856863
ESCOLA EM FUNCIONAMENTO E SEM RESTRIÇÃO DE ATENDIMENTO,ESCOLA MUNICIPAL DE EDUCACAO INFANTIL GUARANI,31361828,MG,Belo Horizonte,Urbana,A escola não está em área de localização diferenciada,Pública,"RUA PACAEMBU, 10 GUARANI. 31840-100 Belo Horizonte - MG.",(31) 32771300,Municipal,Não Informado,Não,Sim,Entre 201 e 500 matrículas de escolarização,Educação Infantil,,-19.84113,-43.92345
ESCOLA EM FUNCIONAMENTO E SEM RESTRIÇÃO DE ATENDIMENTO,ESCOLA MUNICIPAL DE EDUCACAO INFANTIL IPIRANGA,31361836,MG,Belo Horizonte,Urbana,A escola não está em área de localização diferenciada,Pública,"RUA DOM CABRAL, 133 IPIRANGA. 31160-150 Belo Horizonte - MG.",(31) 32776037,Municipal,Não Informado,Não,Sim,Entre 201 e 500 matrículas de escolarização,Educação Infantil,,-19.88639904,-43.93295213
ESCOLA EM FUNCIONAMENTO E SEM RESTRIÇÃO DE ATENDIMENTO,ESCOLA MUNICIPAL DE EDUCACAO INFANTIL JAQUELINE,31361844,MG,Belo Horizonte,Urbana,A escola não está em área de localização diferenciada,Pública,"RUA LUIZ GONZAGA DE SOUZA, 101 JAQUELINE. 31748-131 Belo Horizonte - MG.",(31) 32771830,Municipal,Não Informado,Não,Sim,Entre 201 e 500 matrículas de escolarização,Educação Infantil,,-19.80421,-43.9434
ESCOLA EM FUNCIONAMENTO E SEM RESTRIÇÃO DE ATENDIMENTO,ESCOLA MUNICIPAL DE EDUCACAO INFANTIL NOVA IORQUE,31361860,MG,Belo Horizonte,Urbana,A escola não está em área de localização diferenciada,Pública,"RUA EDIVALDO JARDIM, 400 JARDIM DOS COMERCIARIOS. 31650-700 Belo Horizonte - MG.",(31) 32469001,Municipal,Não Informado,Não,Sim,Entre 201 e 500 matrículas de escolarização,Educação Infantil,,-19.79357,-43.96389
ESCOLA EM FUNCIONAMENTO E SEM RESTRIÇÃO DE ATENDIMENTO,ESCOLA MUNICIPAL DE EDUCACAO INFANTIL SOLIMOES,31361879,MG,Belo Horizonte,Urbana,A escola não está em área de localização diferenciada,Pública,"RUA WALDEMAR CANDIDO RODRIGUES, 244 JARDIM FELICIDADE. 31742-410 Belo Horizonte - MG.",(31) 32776711,Municipal,Não Informado,Não,Sim,Entre 201 e 500 matrículas de escolarização,Educação Infantil,,-19.82372224,-43.92938544
ESCOLA EM FUNCIONAMENTO E SEM RESTRIÇÃO DE ATENDIMENTO,ESCOLA MUNICIPAL DE EDUCACAO INFANTIL JARDIM MONTANHES,31361887,MG,Belo Horizonte,Urbana,A escola não está em área de localização diferenciada,Pública,"RUA LEOPOLDO PEREIRA, 197 JARDIM MONTANHES. 30750-140 Belo Horizonte - MG.",(31) 32779029,Municipal,Não Informado,Não,Sim,Entre 201 e 500 matrículas de escolarização,Educação Infantil,,-19.90512419,-43.98164364
ESCOLA EM FUNCIONAMENTO E SEM RESTRIÇÃO DE ATENDIMENTO,ESCOLA MUNICIPAL DE EDUCACAO INFANTIL JARDIM VITORIA II,31361909,MG,Belo Horizonte,Urbana,A escola não está em área de localização diferenciada,Pública,"RUA LOURDES GONCALVES BARBOSA, 785 JARDIM VITORIA. 31970-626 Belo Horizonte - MG.",(31) 32468065,Municipal,Não Informado,Não,Sim,Entre 201 e 500 matrículas de escolarização,Educação Infantil,,-19.85946333,-43.87673833
ESCOLA EM FUNCIONAMENTO E SEM RESTRIÇÃO DE ATENDIMENTO,ESCOLA MUNICIPAL DE EDUCACAO INFANTIL JARDIM VITORIA III,31361917,MG,Belo Horizonte,Urbana,A escola não está em área de localização diferenciada,Pública,"RUA BERENICE RIBEIRO DE MIRANDA, 240 JARDIM VITORIA. 31975-340 Belo Horizonte - MG.",(31) 32468076,Municipal,Não Informado,Não,Sim,Entre 51 e 200 matrículas de escolarização,Educação Infantil,,-19.84057266,-43.88032266
ESCOLA EM FUNCIONAMENTO E SEM RESTRIÇÃO DE ATENDIMENTO,ESCOLA MUNICIPAL DE EDUCACAO INFANTIL VILA MARIA,31361925,MG,Belo Horizonte,Urbana,A escola não está em área de localização diferenciada,Pública,"RUA ZELIA JACINTA DA COSTA, 7 JARDIM VITORIA. 31970-010 Belo Horizonte - MG.",(31) 32468017,Municipal,Não Informado,Não,Sim,Entre 201 e 500 matrículas de escolarização,Educação Infantil,,-19.84857,-43.88405
ESCOLA EM FUNCIONAMENTO E SEM RESTRIÇÃO DE ATENDIMENTO,ESCOLA MUNICIPAL DE EDUCACAO INFANTIL SOLAR RUBI,31361933,MG,Belo Horizonte,Urbana,A escola não está em área de localização diferenciada,Pública,"AVE WARLEY APARECIDO MARTINS, 730 SOLAR DO BARREIRO. 30670-370 Belo Horizonte - MG.",(31) 32462102,Municipal,Não Informado,Não,Sim,Entre 201 e 500 matrículas de escolarização,Educação Infantil,,-20.01031287,-44.0146207
ESCOLA EM FUNCIONAMENTO E SEM RESTRIÇÃO DE ATENDIMENTO,ESCOLA MUNICIPAL DE EDUCACAO INFANTIL TIROL,31361941,MG,Belo Horizonte,Urbana,A escola não está em área de localização diferenciada,Pública,"PCA MARIETA PULQUERIA DE JESUS, 20 TIROL. 30668-022 Belo Horizonte - MG.",(31) 32462118,Municipal,Não Informado,Não,Sim,Entre 201 e 500 matrículas de escolarização,Educação Infantil,,-19.99462403,-44.03530247
ESCOLA EM FUNCIONAMENTO E SEM RESTRIÇÃO DE ATENDIMENTO,ESCOLA MUNICIPAL DE EDUCACAO INFANTIL LAJEDO,31361950,MG,Belo Horizonte,Urbana,A escola não está em área de localização diferenciada,Pública,"RUA PINTOR RUGENDAS, 7 LAJEDO. 31846-040 Belo Horizonte - MG.",(31) 32771877,Municipal,Não Informado,Não,Sim,Entre 201 e 500 matrículas de escolarização,Educação Infantil,,-19.83441305,-43.91298492
ESCOLA EM FUNCIONAMENTO E SEM RESTRIÇÃO DE ATENDIMENTO,ESCOLA MUNICIPAL DE EDUCACAO INFANTIL VILA LEONINA,31361968,MG,Belo Horizonte,Urbana,A escola não está em área de localização diferenciada,Pública,"RUA DEZENOVE DE DEZEMBRO, 331 ALPES. 30451-691 Belo Horizonte - MG.",(31) 32466072,Municipal,Não Informado,Não,Sim,Entre 201 e 500 matrículas de escolarização,Educação Infantil,,-19.95394,-43.9644
ESCOLA EM FUNCIONAMENTO E SEM RESTRIÇÃO DE ATENDIMENTO,ESCOLA MUNICIPAL DE EDUCACAO INFANTIL LINDEIA,31361976,MG,Belo Horizonte,Urbana,A escola não está em área de localização diferenciada,Pública,"RUA DOS PINHOS, 91 LINDEIA. 30690-440 Belo Horizonte - MG.",(31) 32779100,Municipal,Não Informado,Não,Sim,Entre 201 e 500 matrículas de escolarização,Educação Infantil,,-19.97737,-44.05105
ESCOLA EM FUNCIONAMENTO E SEM RESTRIÇÃO DE ATENDIMENTO,ESCOLA MUNICIPAL DE EDUCACAO INFANTIL MANTIQUEIRA,31361984,MG,Belo Horizonte,Urbana,A escola não está em área de localização diferenciada,Pública,"RUA ARAMITA FRANCISCA DOS SANTOS, 88 MANTIQUEIRA. 31655-300 Belo Horizonte - MG.",(31) 32779488,Municipal,Não Informado,Não,Sim,Entre 201 e 500 matrículas de escolarização,Educação Infantil,,-19.78824587,-43.97835058
ESCOLA EM FUNCIONAMENTO E SEM RESTRIÇÃO DE ATENDIMENTO,ESCOLA MUNICIPAL DE EDUCACAO INFANTIL MARIA GORETTI,31361992,MG,Belo Horizonte,Urbana,A escola não está em área de localização diferenciada,Pública,"RUA BARREIRO GRANDE, 495 MARIA GORETTI. 31930-520 Belo Horizonte - MG.",(31) 32469565,Municipal,Não Informado,Não,Sim,Entre 201 e 500 matrículas de escolarização,Educação Infantil,,-19.8612,-43.9084
ESCOLA EM FUNCIONAMENTO E SEM RESTRIÇÃO DE ATENDIMENTO,ESCOLA MUNICIPAL DE EDUCACAO INFANTIL MONTE AZUL,31362018,MG,Belo Horizonte,Urbana,A escola não está em área de localização diferenciada,Pública,"RUA AMELIA DE ALMEIDA, 10 MONTE AZUL. 31872-640 Belo Horizonte - MG.",(31) 32469568,Municipal,Não Informado,Não,Sim,Entre 201 e 500 matrículas de escolarização,Educação Infantil,,-19.81751673,-43.89357585
ESCOLA EM FUNCIONAMENTO E SEM RESTRIÇÃO DE ATENDIMENTO,ESCOLA MUNICIPAL DE EDUCACAO INFANTIL CAFEZAL,31362026,MG,Belo Horizonte,Urbana,A escola não está em área de localização diferenciada,Pública,"RUA OLIEM BONFIM GUIMARAES, 237 NOSSA SENHORA DA CONCEICAO. 30260-640 Belo Horizonte - MG.",(31) 32465315,Municipal,Não Informado,Não,Sim,Entre 51 e 200 matrículas de escolarização,Educação Infantil,,-19.93567961,-43.91403975
ESCOLA EM FUNCIONAMENTO E SEM RESTRIÇÃO DE ATENDIMENTO,ESCOLA MUNICIPAL DE EDUCACAO INFANTIL MARFIM,31362050,MG,Belo Horizonte,Urbana,A escola não está em área de localização diferenciada,Pública,"RUA ASSUMAR, 375 PINDORAMA. 30880-490 Belo Horizonte - MG.",(31) 32463026,Municipal,Não Informado,Não,Sim,Entre 201 e 500 matrículas de escolarização,Educação Infantil,,-19.907155,-44.02353333
ESCOLA EM FUNCIONAMENTO E SEM RESTRIÇÃO DE ATENDIMENTO,ESCOLA MUNICIPAL DE EDUCACAO INFANTIL OURO PRETO,31362069,MG,Belo Horizonte,Urbana,A escola não está em área de localização diferenciada,Pública,"RUA GERALDINA CANDIDA DE JESUS, 90 OURO PRETO. 31330-560 Belo Horizonte - MG.",(31) 32468062,Municipal,Não Informado,Não,Sim,Entre 201 e 500 matrículas de escolarização,Educação Infantil,,-19.87663422,-43.98803867
ESCOLA EM FUNCIONAMENTO E SEM RESTRIÇÃO DE ATENDIMENTO,ESCOLA MUNICIPAL DE EDUCACAO INFANTIL MANACAS,31362077,MG,Belo Horizonte,Urbana,A escola não está em área de localização diferenciada,Pública,"RUA FRANCISCA SANTOS ANASTASIA, 860 PAQUETA. 30810-660 Belo Horizonte - MG.",(31) 32463033,Municipal,Não Informado,Não,Sim,Entre 201 e 500 matrículas de escolarização,Educação Infantil,,-19.8912037,-43.99111803
ESCOLA EM FUNCIONAMENTO E SEM RESTRIÇÃO DE ATENDIMENTO,ESCOLA MUNICIPAL DE EDUCACAO INFANTIL PARQUE REAL,31362085,MG,Belo Horizonte,Urbana,A escola não está em área de localização diferenciada,Pública,"RUA TRES MIL E SETENTA E QUATRO, 500 PAULO VI. 31995-354 Belo Horizonte - MG.",(31) 32468070,Municipal,Não Informado,Não,Sim,Entre 201 e 500 matrículas de escolarização,Educação Infantil,,-19.84158,-43.88821
ESCOLA EM FUNCIONAMENTO E SEM RESTRIÇÃO DE ATENDIMENTO,ESCOLA MUNICIPAL DE EDUCACAO INFANTIL PLANALTO,31362093,MG,Belo Horizonte,Urbana,A escola não está em área de localização diferenciada,Pública,"RUA LUIZ DE MELLO MATTOS, 215 PLANALTO. 31730-710 Belo Horizonte - MG.",(31) 32468058,Municipal,Não Informado,Não,Sim,Entre 201 e 500 matrículas de escolarização,Educação Infantil,,-19.83933474,-43.94525559
ESCOLA EM FUNCIONAMENTO E SEM RESTRIÇÃO DE ATENDIMENTO,ESCOLA MUNICIPAL DE EDUCACAO INFANTIL SANTA BRANCA,31362107,MG,Belo Horizonte,Urbana,A escola não está em área de localização diferenciada,Pública,"RUA CAMPISTA, 70 SANTA MONICA. 31565-250 Belo Horizonte - MG.",(31) 32771595,Municipal,Não Informado,Não,Sim,Entre 201 e 500 matrículas de escolarização,Educação Infantil,,-19.83133,-43.96811
ESCOLA EM FUNCIONAMENTO E SEM RESTRIÇÃO DE ATENDIMENTO,ESCOLA MUNICIPAL DE EDUCACAO INFANTIL PACAJA,31362115,MG,Belo Horizonte,Urbana,A escola não está em área de localização diferenciada,Pública,"RUA CACHOEIRINHA, 915 SANTA CRUZ. 31150-260 Belo Horizonte - MG.",(31) 989798491,Municipal,Não Informado,Não,Sim,Entre 201 e 500 matrículas de escolarização,Educação Infantil,,-19.88161667,-43.945995
ESCOLA EM FUNCIONAMENTO E SEM RESTRIÇÃO DE ATENDIMENTO,ESCOLA MUNICIPAL DE EDUCACAO INFANTIL UNIVERSITARIO,31362123,MG,Belo Horizonte,Urbana,A escola não está em área de localização diferenciada,Pública,"RUA ARISTOTELES RIBEIRO VASCONCELOS, 40 SANTA ROSA. 31255-650 Belo Horizonte - MG.",(31) 32463000,Municipal,Não Informado,Não,Sim,Entre 201 e 500 matrículas de escolarização,Educação Infantil,,-19.86555,-43.94206167
ESCOLA EM FUNCIONAMENTO E SEM RESTRIÇÃO DE ATENDIMENTO,ESCOLA MUNICIPAL DE EDUCACAO INFANTIL VILA ESTRELA,31362131,MG,Belo Horizonte,Urbana,A escola não está em área de localização diferenciada,Pública,"RUA PRIMAVERA, 60 SANTO ANTONIO. 30330-260 Belo Horizonte - MG.",(31) 32466655,Municipal,Não Informado,Não,Sim,Entre 201 e 500 matrículas de escolarização,Educação Infantil,,-19.94209,-43.94308333
ESCOLA EM FUNCIONAMENTO E SEM RESTRIÇÃO DE ATENDIMENTO,ESCOLA MUNICIPAL DE EDUCACAO INFANTIL SANTA ROSA,31362140,MG,Belo Horizonte,Urbana,A escola não está em área de localização diferenciada,Pública,"RUA CALDAS DA RAINHA, 527 SAO FRANCISCO. 31255-180 Belo Horizonte - MG.",(31) 32468059,Municipal,Não Informado,Não,Sim,Entre 201 e 500 matrículas de escolarização,Educação Infantil,,-19.87130082,-43.9514006
ESCOLA EM FUNCIONAMENTO E SEM RESTRIÇÃO DE ATENDIMENTO,ESCOLA MUNICIPAL DE EDUCACAO INFANTIL POMPEIA,31362158,MG,Belo Horizonte,Urbana,A escola não está em área de localização diferenciada,Pública,"RUA BELEM, 1800 POMPEIA. 30285-010 Belo Horizonte - MG.",(31) 32468508,Municipal,Não Informado,Não,Sim,Entre 201 e 500 matrículas de escolarização,Educação Infantil,,-19.91668,-43.90289
ESCOLA EM FUNCIONAMENTO E SEM RESTRIÇÃO DE ATENDIMENTO,ESCOLA MUNICIPAL DE EDUCACAO INFANTIL SAO MARCOS,31362166,MG,Belo Horizonte,Urbana,A escola não está em área de localização diferenciada,Pública,"RUA SANTO ALBERTO, 10 FERNAO DIAS. 31920-540 Belo Horizonte - MG.",(31) 32776679,Municipal,Não Informado,Não,Sim,Entre 201 e 500 matrículas de escolarização,Educação Infantil,,-19.87144,-43.91384
ESCOLA EM FUNCIONAMENTO E SEM RESTRIÇÃO DE ATENDIMENTO,ESCOLA MUNICIPAL DE EDUCACAO INFANTIL SARANDI,31362174,MG,Belo Horizonte,Urbana,A escola não está em área de localização diferenciada,Pública,"RUA DEPUTADO AUGUSTO GONCALVES, 150 SERRANO. 30882-660 Belo Horizonte - MG.",(31) 32463035,Municipal,Não Informado,Não,Sim,Entre 201 e 500 matrículas de escolarização,Educação Infantil,,-19.87499789,-44.01375937
ESCOLA EM FUNCIONAMENTO E SEM RESTRIÇÃO DE ATENDIMENTO,ESCOLA MUNICIPAL DE EDUCACAO INFANTIL SERRA VERDE,31362190,MG,Belo Horizonte,Urbana,A escola não está em área de localização diferenciada,Pública,"RUA JOSE MACHADO RIBEIRO, 94 CENACULO. 31615-170 Belo Horizonte - MG.",(31) 989798758,Municipal,Não Informado,Não,Sim,Entre 201 e 500 matrículas de escolarização,Educação Infantil,,-19.80383,-43.96153
ESCOLA EM FUNCIONAMENTO E SEM RESTRIÇÃO DE ATENDIMENTO,ESCOLA MUNICIPAL DE EDUCACAO INFANTIL ALTO VERA CRUZ,31362204,MG,Belo Horizonte,Urbana,A escola não está em área de localização diferenciada,Pública,"RUA FOSFORO, 75 TAQUARIL. 30290-035 Belo Horizonte - MG.",(31) 32468548,Municipal,Não Informado,Não,Sim,Entre 201 e 500 matrículas de escolarização,Educação Infantil,,-19.91831,-43.88823
ESCOLA EM FUNCIONAMENTO E SEM RESTRIÇÃO DE ATENDIMENTO,ESCOLA MUNICIPAL DE EDUCACAO INFANTIL ITAIPU,31362212,MG,Belo Horizonte,Urbana,A escola não está em área de localização diferenciada,Pública,"RUA TINGUI, 221 CDI JATOBA. 30662-408 Belo Horizonte - MG.",(31) 32462142,Municipal,Não Informado,Não,Sim,Entre 201 e 500 matrículas de escolarização,Educação Infantil,,-19.99481757,-44.04309282
ESCOLA EM FUNCIONAMENTO E SEM RESTRIÇÃO DE ATENDIMENTO,ESCOLA MUNICIPAL DE EDUCACAO INFANTIL URCA CONFISCO,31362220,MG,Belo Horizonte,Urbana,A escola não está em área de localização diferenciada,Pública,"RUA EXPEDICIONARIO PAULO DE SOUZA, 701 CONFISCO. 31360-395 Belo Horizonte - MG.",(31) 32463025,Municipal,Não Informado,Não,Sim,Entre 201 e 500 matrículas de escolarização,Educação Infantil,,-19.86774261,-44.01581951
ESCOLA EM FUNCIONAMENTO E SEM RESTRIÇÃO DE ATENDIMENTO,ESCOLA MUNICIPAL DE EDUCACAO INFANTIL XODO MARISE,31362239,MG,Belo Horizonte,Urbana,A escola não está em área de localização diferenciada,Pública,"RUA HUMBERTO LAVALLE, 91 XODOMARIZE. 31744-425 Belo Horizonte - MG.",(31) 32469007,Municipal,Não Informado,Não,Sim,Entre 201 e 500 matrículas de escolarização,Educação Infantil,,-19.82098147,-43.93862072
ESCOLA EM FUNCIONAMENTO E SEM RESTRIÇÃO DE ATENDIMENTO,ESCOLA MUNICIPAL JARDIM LEBLON,31362247,MG,Belo Horizonte,Urbana,A escola não está em área de localização diferenciada,Pública,"RUA SILVA XAVIER, 15 JARDIM LEBLON. 31540-400 Belo Horizonte - MG.",(31) 32469038,Municipal,Não Informado,Não,Sim,Entre 501 e 1000 matrículas de escolarização,"Educação Infantil, Ensino Fundamental",Atividade Complementar,-19.82683,-43.98533
ESCOLA EM FUNCIONAMENTO E SEM RESTRIÇÃO DE ATENDIMENTO,ESCOLA MUNICIPAL JARDIM VITORIA,31362581,MG,Belo Horizonte,Urbana,A escola não está em área de localização diferenciada,Pública,"RUA LOURDES GONCALVES BARBOSA, 160 JARDIM VITORIA. 31970-626 Belo Horizonte - MG.",(31) 989798495,Municipal,Não Informado,Não,Sim,Entre 501 e 1000 matrículas de escolarização,"Ensino Fundamental, Educação de Jovens Adultos","Atendimento Educacional Especializado, Atividade Complementar",-19.85754,-43.87216
ESCOLA EM FUNCIONAMENTO E SEM RESTRIÇÃO DE ATENDIMENTO,CENTRO INTERESCOLAR DE CULTURA ARTE LINGUAGENS E TECNOLOGIAS,31364932,MG,Belo Horizonte,Urbana,A escola não está em área de localização diferenciada,Pública,"RUA SANTO AGOSTINHO, 1441 HORTO. 31035-490 Belo Horizonte - MG.",(31) 36541108,Estadual,Não Informado,Não,Sim,Entre 501 e 1000 matrículas de escolarização,"Ensino Médio, Educação Profissional, Educação de Jovens Adultos",,-19.8967631,-43.9152935
ESCOLA EM FUNCIONAMENTO E SEM RESTRIÇÃO DE ATENDIMENTO,ESCOLA MUNICIPAL DE EDUCACAO INFANTIL PIRATININGA,31365408,MG,Belo Horizonte,Urbana,A escola não está em área de localização diferenciada,Pública,"RUA ALTINOPOLIS, 585 PIRATININGA. 31573-080 Belo Horizonte - MG.",(31) 32775543,Municipal,Não Informado,Não,Sim,Entre 201 e 500 matrículas de escolarização,Educação Infantil,,-19.80783,-43.98999
ESCOLA EM FUNCIONAMENTO E SEM RESTRIÇÃO DE ATENDIMENTO,ESCOLA MUNICIPAL DE EDUCACAO INFANTIL BARREIRO,31365556,MG,Belo Horizonte,Urbana,A escola não está em área de localização diferenciada,Pública,"RUA SAO PAULO DA CRUZ, 65 BARREIRO. 30642-060 Belo Horizonte - MG.",(31) 32462121,Municipal,Não Informado,Não,Sim,Entre 201 e 500 matrículas de escolarização,Educação Infantil,,-19.98071146,-44.01086804
ESCOLA EM FUNCIONAMENTO E SEM RESTRIÇÃO DE ATENDIMENTO,ESCOLA MUNICIPAL DE EDUCACAO INFANTIL CASTELO DE CRATO,31365564,MG,Belo Horizonte,Urbana,A escola não está em área de localização diferenciada,Pública,"RUA CASTELO DE CRATO, 101 CASTELO. 31330-120 Belo Horizonte - MG.",(31) 32468031,Municipal,Não Informado,Não,Sim,Entre 201 e 500 matrículas de escolarização,Educação Infantil,,-19.87775,-43.99474
ESCOLA EM FUNCIONAMENTO E SEM RESTRIÇÃO DE ATENDIMENTO,ESCOLA MUNICIPAL DE EDUCACAO INFANTIL ENGENHO NOGUEIRA,31365572,MG,Belo Horizonte,Urbana,A escola não está em área de localização diferenciada,Pública,"RUA ENGENHO DO MAR, 10 ENGENHO NOGUEIRA. 31320-480 Belo Horizonte - MG.",(31) 32777376,Municipal,Não Informado,Não,Sim,Entre 201 e 500 matrículas de escolarização,Educação Infantil,,-19.89224873,-43.98173899
ESCOLA EM FUNCIONAMENTO E SEM RESTRIÇÃO DE ATENDIMENTO,ESCOLA MUNICIPAL DE EDUCACAO INFANTIL CALIFORNIA II,31366080,MG,Belo Horizonte,Urbana,A escola não está em área de localização diferenciada,Pública,"RUA CHRISTINA MARIA ASSIS, 550 CALIFORNIA. 30855-440 Belo Horizonte - MG.",(31) 32462145,Municipal,Não Informado,Não,Sim,Entre 51 e 200 matrículas de escolarização,Educação Infantil,,-19.927375,-44.015695
ESCOLA EM FUNCIONAMENTO E SEM RESTRIÇÃO DE ATENDIMENTO,ESCOLA MUNICIPAL DE EDUCACAO INFANTIL SAGRADA FAMILIA,31368130,MG,Belo Horizonte,Urbana,A escola não está em área de localização diferenciada,Pública,"RUA COSTA MONTEIRO, 875 SAGRADA FAMILIA. 31030-480 Belo Horizonte - MG.",(31) 32468556,Municipal,Não Informado,Não,Sim,Entre 51 e 200 matrículas de escolarização,Educação Infantil,,-19.90367478,-43.92256125
ESCOLA EM FUNCIONAMENTO E SEM RESTRIÇÃO DE ATENDIMENTO,ESCOLA MUNICIPAL DE EDUCACAO INFANTIL PEDRO LESSA,31368644,MG,Belo Horizonte,Urbana,A escola não está em área de localização diferenciada,Pública,"RUA PEDRO LESSA, 506 PEDREIRA PRADO LOPES. 31210-580 Belo Horizonte - MG.",(31) 993872121,Municipal,Não Informado,Não,Sim,Entre 51 e 200 matrículas de escolarização,Educação Infantil,,-19.9037,-43.950645
ESCOLA EM FUNCIONAMENTO E SEM RESTRIÇÃO DE ATENDIMENTO,ESCOLA MUNICIPAL POLO DE EDUCACAO INTEGRADA,31369446,MG,Belo Horizonte,Urbana,A escola não está em área de localização diferenciada,Pública,"PCA MODESTINO SALES BARBOSA, 50 FLAVIO MARQUES LISBOA. 30624-010 Belo Horizonte - MG.",(31) 32773621,Municipal,Não Informado,Não,Sim,Entre 201 e 500 matrículas de escolarização,"Ensino Fundamental, Educação de Jovens Adultos",Atendimento Educacional Especializado,-19.99633328,-44.00416499
ESCOLA EM FUNCIONAMENTO E SEM RESTRIÇÃO DE ATENDIMENTO,ESCOLA MUNICIPAL CAROLINA MARIA DE JESUS,31384291,MG,Belo Horizonte,Urbana,A escola não está em área de localização diferenciada,Pública,"RUA GUAXE, 77 GOIANIA. 31950-440 Belo Horizonte - MG.",(31) 32469544,Municipal,Não Informado,Não,Sim,Entre 501 e 1000 matrículas de escolarização,"Ensino Fundamental, Educação de Jovens Adultos",Atividade Complementar,                              ,                              
